AD_Org_ID[Name],C_Country_ID[Name],C_Region_ID[Name],Name,IsActive,Postal,AreaCode,Locode,Coordinates
,,,AMATA,Y,872,,,
,,,AYERS RANGE SOUTH,Y,872,,,
,,,DE ROSE HILL,Y,872,,,
,,,ERNABELLA,Y,872,,,
,,,ERNABELLA (PUKATJA),Y,872,,,
,,,FREGON,Y,872,,,
,,,INDULKANA,Y,872,,,
,,,INDULKANA (IWANTJA),Y,872,,,
,,,IWANTJA,Y,872,,,
,,,KALKA,Y,872,,,
,,,KALTJITI,Y,872,,,
,,,KANPI,Y,872,,,
,,,LAMBINA,Y,872,,,
,,,MIMILI,Y,872,,,
,,,MURPUTJA,Y,872,,,
,,,NYAPARI,Y,872,,,
,,,PIPALYATJARA,Y,872,,,
,,,PUKATJA,Y,872,,,
,,,TIEYON,Y,872,,,
,,,UMUWA,Y,872,,,
,,,WATARRU,Y,872,,,
,,,WATINUMA,Y,872,,,
,,,YUNYARINYI,Y,872,,,
,,,ADELAIDE,Y,5000,,,
,,,ADELAIDE BC,Y,5000,,,
,,,CITY WEST CAMPUS,Y,5000,,,
,,,HALIFAX STREET,Y,5000,,,
,,,HUTT STREET,Y,5000,,,
,,,PARLIAMENT HOUSE,Y,5000,,,
,,,RUNDLE MALL,Y,5000,,,
,,,STATION ARCADE,Y,5000,,,
,,,STURT STREET,Y,5000,,,
,,,ADELAIDE,Y,5001,,,
,,,ADELAIDE UNIVERSITY,Y,5005,,,
,,,THE UNIVERSITY OF ADELAIDE,Y,5005,,,
,,,UNIVERSITY OF ADELAIDE,Y,5005,,,
,,,NORTH ADELAIDE,Y,5006,,,
,,,NORTH ADELAIDE MELBOURNE ST,Y,5006,,,
,,,BOWDEN,Y,5007,,,
,,,BROMPTON,Y,5007,,,
,,,HINDMARSH,Y,5007,,,
,,,WELLAND,Y,5007,,,
,,,WEST HINDMARSH,Y,5007,,,
,,,CROYDON,Y,5008,,,
,,,CROYDON PARK,Y,5008,,,
,,,CROYDON PARK SOUTH,Y,5008,,,
,,,DEVON PARK,Y,5008,,,
,,,DUDLEY PARK,Y,5008,,,
,,,RENOWN PARK,Y,5008,,,
,,,RIDLEYTON,Y,5008,,,
,,,WEST CROYDON,Y,5008,,,
,,,ALLENBY GARDENS,Y,5009,,,
,,,BEVERLEY,Y,5009,,,
,,,KILKENNY,Y,5009,,,
,,,ANGLE PARK,Y,5010,,,
,,,FERRYDEN PARK,Y,5010,,,
,,,REGENCY PARK,Y,5010,,,
,,,REGENCY PARK BC,Y,5010,,,
,,,ST CLAIR,Y,5011,,,
,,,ST CLAIRE,Y,5011,,,
,,,WOODVILLE,Y,5011,,,
,,,WOODVILLE PARK,Y,5011,,,
,,,WOODVILLE SOUTH,Y,5011,,,
,,,WOODVILLE WEST,Y,5011,,,
,,,ATHOL PARK,Y,5012,,,
,,,MANSFIELD PARK,Y,5012,,,
,,,WOODVILLE GARDENS,Y,5012,,,
,,,WOODVILLE NORTH,Y,5012,,,
,,,GILLMAN,Y,5013,,,
,,,OTTOWAY,Y,5013,,,
,,,PENNINGTON,Y,5013,,,
,,,ROSEWATER,Y,5013,,,
,,,ROSEWATER EAST,Y,5013,,,
,,,WINGFIELD,Y,5013,,,
,,,ALBERT PARK,Y,5014,,,
,,,ALBERTON,Y,5014,,,
,,,CHELTENHAM,Y,5014,,,
,,,HENDON,Y,5014,,,
,,,QUEENSTOWN,Y,5014,,,
,,,ROYAL PARK,Y,5014,,,
,,,BIRKENHEAD,Y,5015,,,
,,,ETHELTON,Y,5015,,,
,,,GARDEN ISLAND,Y,5015,,,
,,,GLANVILLE,Y,5015,,,
,,,NEW PORT,Y,5015,,,
,,,PORT ADELAIDE,Y,5015,,,
,,,PORT ADELAIDE BC,Y,5015,,,
,,,PORT ADELAIDE DC,Y,5015,,,
,,,TORRENS ISLAND,Y,5015,,,
,,,LARGS BAY,Y,5016,,,
,,,LARGS NORTH,Y,5016,,,
,,,PETERHEAD,Y,5016,,,
,,,OSBORNE,Y,5017,,,
,,,TAPEROO,Y,5017,,,
,,,NORTH HAVEN,Y,5018,,,
,,,OUTER HARBOR,Y,5018,,,
,,,EXETER,Y,5019,,,
,,,SEMAPHORE,Y,5019,,,
,,,SEMAPHORE PARK,Y,5019,,,
,,,SEMAPHORE SOUTH,Y,5019,,,
,,,WEST LAKES SHORE,Y,5020,,,
,,,WEST LAKES,Y,5021,,,
,,,GRANGE,Y,5022,,,
,,,HENLEY BEACH,Y,5022,,,
,,,HENLEY BEACH SOUTH,Y,5022,,,
,,,KIRKCALDY,Y,5022,,,
,,,TENNYSON,Y,5022,,,
,,,FINDON,Y,5023,,,
,,,SEATON,Y,5023,,,
,,,SEATON NORTH,Y,5023,,,
,,,FULHAM,Y,5024,,,
,,,FULHAM GARDENS,Y,5024,,,
,,,WEST BEACH,Y,5024,,,
,,,FLINDERS PARK,Y,5025,,,
,,,KIDMAN PARK,Y,5025,,,
,,,MILE END,Y,5031,,,
,,,MILE END SOUTH,Y,5031,,,
,,,THEBARTON,Y,5031,,,
,,,TORRENSVILLE,Y,5031,,,
,,,TORRENSVILLE PLAZA,Y,5031,,,
,,,BROOKLYN PARK,Y,5032,,,
,,,LOCKLEYS,Y,5032,,,
,,,UNDERDALE,Y,5032,,,
,,,COWANDILLA,Y,5033,,,
,,,HILTON,Y,5033,,,
,,,HILTON PLAZA,Y,5033,,,
,,,MARLESTON,Y,5033,,,
,,,MARLESTON DC,Y,5033,,,
,,,RICHMOND,Y,5033,,,
,,,WEST RICHMOND,Y,5033,,,
,,,CLARENCE PARK,Y,5034,,,
,,,GOODWOOD,Y,5034,,,
,,,KINGS PARK,Y,5034,,,
,,,MILLSWOOD,Y,5034,,,
,,,WAYVILLE,Y,5034,,,
,,,ASHFORD,Y,5035,,,
,,,BLACK FOREST,Y,5035,,,
,,,EVERARD PARK,Y,5035,,,
,,,FORESTVILLE,Y,5035,,,
,,,KESWICK,Y,5035,,,
,,,KESWICK TERMINAL,Y,5035,,,
,,,GLANDORE,Y,5037,,,
,,,KURRALTA PARK,Y,5037,,,
,,,NETLEY,Y,5037,,,
,,,NORTH PLYMPTON,Y,5037,,,
,,,CAMDEN PARK,Y,5038,,,
,,,PLYMPTON,Y,5038,,,
,,,PLYMPTON PARK,Y,5038,,,
,,,SOUTH PLYMPTON,Y,5038,,,
,,,CLARENCE GARDENS,Y,5039,,,
,,,EDWARDSTOWN,Y,5039,,,
,,,MELROSE PARK,Y,5039,,,
,,,MELROSE PARK DC,Y,5039,,,
,,,NOVAR GARDENS,Y,5040,,,
,,,COLONEL LIGHT GARDENS,Y,5041,,,
,,,CUMBERLAND PARK,Y,5041,,,
,,,DAW PARK,Y,5041,,,
,,,PANORAMA,Y,5041,,,
,,,WESTBOURNE PARK,Y,5041,,,
,,,BEDFORD PARK,Y,5042,,,
,,,CLOVELLY PARK,Y,5042,,,
,,,FLINDERS UNIVERSITY,Y,5042,,,
,,,PASADENA,Y,5042,,,
,,,ST MARYS,Y,5042,,,
,,,TONSLEY,Y,5042,,,
,,,ASCOT PARK,Y,5043,,,
,,,MARION,Y,5043,,,
,,,MITCHELL PARK,Y,5043,,,
,,,MORPHETTVILLE,Y,5043,,,
,,,PARK HOLME,Y,5043,,,
,,,GLENGOWRIE,Y,5044,,,
,,,SOMERTON PARK,Y,5044,,,
,,,GLENELG,Y,5045,,,
,,,GLENELG EAST,Y,5045,,,
,,,GLENELG JETTY ROAD,Y,5045,,,
,,,GLENELG NORTH,Y,5045,,,
,,,GLENELG SOUTH,Y,5045,,,
,,,OAKLANDS PARK,Y,5046,,,
,,,WARRADALE,Y,5046,,,
,,,WARRADALE NORTH,Y,5046,,,
,,,DARLINGTON,Y,5047,,,
,,,SEACOMBE GARDENS,Y,5047,,,
,,,SEACOMBE HEIGHTS,Y,5047,,,
,,,STURT,Y,5047,,,
,,,BRIGHTON,Y,5048,,,
,,,DOVER GARDENS,Y,5048,,,
,,,HOVE,Y,5048,,,
,,,NORTH BRIGHTON,Y,5048,,,
,,,SOUTH BRIGHTON,Y,5048,,,
,,,KINGSTON PARK,Y,5049,,,
,,,MARINO,Y,5049,,,
,,,SEACLIFF,Y,5049,,,
,,,SEACLIFF PARK,Y,5049,,,
,,,SEAVIEW DOWNS,Y,5049,,,
,,,BELLEVUE HEIGHTS,Y,5050,,,
,,,EDEN HILLS,Y,5050,,,
,,,BLACKWOOD,Y,5051,,,
,,,COROMANDEL VALLEY,Y,5051,,,
,,,CRAIGBURN FARM,Y,5051,,,
,,,HAWTHORNDENE,Y,5051,,,
,,,BELAIR,Y,5052,,,
,,,GLENALTA,Y,5052,,,
,,,HYDE PARK,Y,5061,,,
,,,MALVERN,Y,5061,,,
,,,UNLEY,Y,5061,,,
,,,UNLEY BC,Y,5061,,,
,,,UNLEY DC,Y,5061,,,
,,,UNLEY PARK,Y,5061,,,
,,,BROWN HILL CREEK,Y,5062,,,
,,,CLAPHAM,Y,5062,,,
,,,HAWTHORN,Y,5062,,,
,,,KINGSWOOD,Y,5062,,,
,,,LOWER MITCHAM,Y,5062,,,
,,,LYNTON,Y,5062,,,
,,,MITCHAM,Y,5062,,,
,,,MITCHAM SHOPPING CENTRE,Y,5062,,,
,,,NETHERBY,Y,5062,,,
,,,SPRINGFIELD,Y,5062,,,
,,,TORRENS PARK,Y,5062,,,
,,,EASTWOOD,Y,5063,,,
,,,FREWVILLE,Y,5063,,,
,,,FULLARTON,Y,5063,,,
,,,HIGHGATE,Y,5063,,,
,,,PARKSIDE,Y,5063,,,
,,,GLEN OSMOND,Y,5064,,,
,,,GLENUNGA,Y,5064,,,
,,,MOUNT OSMOND,Y,5064,,,
,,,MYRTLE BANK,Y,5064,,,
,,,ST GEORGES,Y,5064,,,
,,,URRBRAE,Y,5064,,,
,,,DULWICH,Y,5065,,,
,,,GLENSIDE,Y,5065,,,
,,,LINDEN PARK,Y,5065,,,
,,,TOORAK GARDENS,Y,5065,,,
,,,TUSMORE,Y,5065,,,
,,,BEAUMONT,Y,5066,,,
,,,BURNSIDE,Y,5066,,,
,,,ERINDALE,Y,5066,,,
,,,HAZELWOOD PARK,Y,5066,,,
,,,STONYFELL,Y,5066,,,
,,,WATERFALL GULLY,Y,5066,,,
,,,WATTLE PARK,Y,5066,,,
,,,BEULAH PARK,Y,5067,,,
,,,KENT TOWN,Y,5067,,,
,,,NORWOOD,Y,5067,,,
,,,NORWOOD SOUTH,Y,5067,,,
,,,ROSE PARK,Y,5067,,,
,,,HEATHPOOL,Y,5068,,,
,,,KENSINGTON,Y,5068,,,
,,,KENSINGTON GARDENS,Y,5068,,,
,,,KENSINGTON PARK,Y,5068,,,
,,,LEABROOK,Y,5068,,,
,,,MARRYATVILLE,Y,5068,,,
,,,ST MORRIS,Y,5068,,,
,,,TRINITY GARDENS,Y,5068,,,
,,,COLLEGE PARK,Y,5069,,,
,,,EVANDALE,Y,5069,,,
,,,HACKNEY,Y,5069,,,
,,,MAYLANDS,Y,5069,,,
,,,ST PETERS,Y,5069,,,
,,,STEPNEY,Y,5069,,,
,,,FELIXSTOW,Y,5070,,,
,,,FIRLE,Y,5070,,,
,,,GLYNDE,Y,5070,,,
,,,GLYNDE DC,Y,5070,,,
,,,GLYNDE PLAZA,Y,5070,,,
,,,JOSLIN,Y,5070,,,
,,,MARDEN,Y,5070,,,
,,,PAYNEHAM,Y,5070,,,
,,,PAYNEHAM SOUTH,Y,5070,,,
,,,ROYSTON PARK,Y,5070,,,
,,,KENT TOWN,Y,5071,,,
,,,KENT TOWN DC,Y,5071,,,
,,,AULDANA,Y,5072,,,
,,,MAGILL,Y,5072,,,
,,,MAGILL NORTH,Y,5072,,,
,,,MAGILL SOUTH,Y,5072,,,
,,,ROSSLYN PARK,Y,5072,,,
,,,SKYE,Y,5072,,,
,,,TERINGIE,Y,5072,,,
,,,WOODFORDE,Y,5072,,,
,,,HECTORVILLE,Y,5073,,,
,,,ROSTREVOR,Y,5073,,,
,,,TRANMERE,Y,5073,,,
,,,TRANMERE NORTH,Y,5073,,,
,,,CAMPBELLTOWN,Y,5074,,,
,,,NEWTON,Y,5074,,,
,,,DERNANCOURT,Y,5075,,,
,,,PARADISE,Y,5075,,,
,,,ATHELSTONE,Y,5076,,,
,,,CASTAMBUL,Y,5076,,,
,,,COLLINSWOOD,Y,5081,,,
,,,GILBERTON,Y,5081,,,
,,,MEDINDIE,Y,5081,,,
,,,MEDINDIE GARDENS,Y,5081,,,
,,,VALE PARK,Y,5081,,,
,,,WALKERVILLE,Y,5081,,,
,,,FITZROY,Y,5082,,,
,,,OVINGHAM,Y,5082,,,
,,,PROSPECT,Y,5082,,,
,,,PROSPECT EAST,Y,5082,,,
,,,PROSPECT WEST,Y,5082,,,
,,,THORNGATE,Y,5082,,,
,,,BROADVIEW,Y,5083,,,
,,,NAILSWORTH,Y,5083,,,
,,,SEFTON PARK,Y,5083,,,
,,,BLAIR ATHOL,Y,5084,,,
,,,BLAIR ATHOL WEST,Y,5084,,,
,,,KILBURN,Y,5084,,,
,,,KILBURN NORTH,Y,5084,,,
,,,CLEARVIEW,Y,5085,,,
,,,ENFIELD,Y,5085,,,
,,,ENFIELD PLAZA,Y,5085,,,
,,,LIGHTSVIEW,Y,5085,,,
,,,NORTHFIELD,Y,5085,,,
,,,NORTHGATE,Y,5085,,,
,,,GILLES PLAINS,Y,5086,,,
,,,GREENACRES,Y,5086,,,
,,,HAMPSTEAD GARDENS,Y,5086,,,
,,,HILLCREST,Y,5086,,,
,,,MANNINGHAM,Y,5086,,,
,,,OAKDEN,Y,5086,,,
,,,KLEMZIG,Y,5087,,,
,,,WINDSOR GARDENS,Y,5087,,,
,,,HOLDEN HILL,Y,5088,,,
,,,HIGHBURY,Y,5089,,,
,,,HOPE VALLEY,Y,5090,,,
,,,BANKSIA PARK,Y,5091,,,
,,,TEA TREE GULLY,Y,5091,,,
,,,VISTA,Y,5091,,,
,,,MODBURY,Y,5092,,,
,,,MODBURY HEIGHTS,Y,5092,,,
,,,MODBURY NORTH,Y,5092,,,
,,,MODBURY NORTH DC,Y,5092,,,
,,,PARA VISTA,Y,5093,,,
,,,VALLEY VIEW,Y,5093,,,
,,,CAVAN,Y,5094,,,
,,,DRY CREEK,Y,5094,,,
,,,GEPPS CROSS,Y,5094,,,
,,,MAWSON LAKES,Y,5095,,,
,,,POORAKA,Y,5095,,,
,,,THE LEVELS,Y,5095,,,
,,,GULFVIEW HEIGHTS,Y,5096,,,
,,,PARA HILLS,Y,5096,,,
,,,PARA HILLS WEST,Y,5096,,,
,,,REDWOOD PARK,Y,5097,,,
,,,RIDGEHAVEN,Y,5097,,,
,,,ST AGNES,Y,5097,,,
,,,INGLE FARM,Y,5098,,,
,,,WALKLEY HEIGHTS,Y,5098,,,
,,,PARAFIELD,Y,5106,,,
,,,PARAFIELD AIRPORT,Y,5106,,,
,,,SALISBURY SOUTH,Y,5106,,,
,,,SALISBURY SOUTH BC,Y,5106,,,
,,,SALISBURY SOUTH DC,Y,5106,,,
,,,GREEN FIELDS,Y,5107,,,
,,,PARAFIELD GARDENS,Y,5107,,,
,,,PARALOWIE,Y,5108,,,
,,,SALISBURY,Y,5108,,,
,,,SALISBURY DOWNS,Y,5108,,,
,,,SALISBURY NORTH,Y,5108,,,
,,,SALISBURY NORTH WHITES ROAD,Y,5108,,,
,,,BRAHMA LODGE,Y,5109,,,
,,,SALISBURY EAST,Y,5109,,,
,,,SALISBURY EAST NORTHBRI AVE,Y,5109,,,
,,,SALISBURY HEIGHTS,Y,5109,,,
,,,SALISBURY PARK,Y,5109,,,
,,,SALISBURY PLAIN,Y,5109,,,
,,,BOLIVAR,Y,5110,,,
,,,BURTON,Y,5110,,,
,,,DIREK,Y,5110,,,
,,,GLOBE DERBY PARK,Y,5110,,,
,,,ST KILDA,Y,5110,,,
,,,WATERLOO CORNER,Y,5110,,,
,,,EDINBURGH,Y,5111,,,
,,,EDINBURGH RAAF,Y,5111,,,
,,,ELIZABETH,Y,5112,,,
,,,ELIZABETH EAST,Y,5112,,,
,,,ELIZABETH GROVE,Y,5112,,,
,,,ELIZABETH SOUTH,Y,5112,,,
,,,ELIZABETH VALE,Y,5112,,,
,,,HILLBANK,Y,5112,,,
,,,DAVOREN PARK,Y,5113,,,
,,,DAVOREN PARK NORTH,Y,5113,,,
,,,DAVOREN PARK SOUTH,Y,5113,,,
,,,EDINBURGH NORTH,Y,5113,,,
,,,ELIZABETH DOWNS,Y,5113,,,
,,,ELIZABETH NORTH,Y,5113,,,
,,,ELIZABETH PARK,Y,5113,,,
,,,ELIZABETH WEST,Y,5113,,,
,,,ELIZABETH WEST DC,Y,5113,,,
,,,ANDREWS FARM,Y,5114,,,
,,,BLAKEVIEW,Y,5114,,,
,,,CRAIGMORE,Y,5114,,,
,,,GOULD CREEK,Y,5114,,,
,,,HUMBUG SCRUB,Y,5114,,,
,,,ONE TREE HILL,Y,5114,,,
,,,SAMPSON FLAT,Y,5114,,,
,,,SMITHFIELD,Y,5114,,,
,,,SMITHFIELD PLAINS,Y,5114,,,
,,,SMITHFIELD WEST,Y,5114,,,
,,,ULEYBURY,Y,5114,,,
,,,YATTALUNGA,Y,5114,,,
,,,KUDLA,Y,5115,,,
,,,MUNNO PARA,Y,5115,,,
,,,MUNNO PARA DOWNS,Y,5115,,,
,,,MUNNO PARA WEST,Y,5115,,,
,,,EVANSTON,Y,5116,,,
,,,EVANSTON GARDENS,Y,5116,,,
,,,EVANSTON PARK,Y,5116,,,
,,,EVANSTON SOUTH,Y,5116,,,
,,,HILLIER,Y,5116,,,
,,,ANGLE VALE,Y,5117,,,
,,,BIBARINGA,Y,5118,,,
,,,BUCHFELDE,Y,5118,,,
,,,CONCORDIA,Y,5118,,,
,,,GAWLER,Y,5118,,,
,,,GAWLER BELT,Y,5118,,,
,,,GAWLER EAST,Y,5118,,,
,,,GAWLER RIVER,Y,5118,,,
,,,GAWLER SOUTH,Y,5118,,,
,,,GAWLER WEST,Y,5118,,,
,,,HEWETT,Y,5118,,,
,,,KALBEEBA,Y,5118,,,
,,,KANGAROO FLAT,Y,5118,,,
,,,KINGSFORD,Y,5118,,,
,,,REID,Y,5118,,,
,,,WARD BELT,Y,5118,,,
,,,WILLASTON,Y,5118,,,
,,,BUCKLAND PARK,Y,5120,,,
,,,RIVERLEA PARK,Y,5120,,,
,,,VIRGINIA,Y,5120,,,
,,,EYRE,Y,5121,,,
,,,MACDONALD PARK,Y,5121,,,
,,,PENFIELD,Y,5121,,,
,,,PENFIELD GARDENS,Y,5121,,,
,,,GOLDEN GROVE,Y,5125,,,
,,,GOLDEN GROVE VILLAGE,Y,5125,,,
,,,GREENWITH,Y,5125,,,
,,,FAIRVIEW PARK,Y,5126,,,
,,,SURREY DOWNS,Y,5126,,,
,,,YATALA VALE,Y,5126,,,
,,,WYNN VALE,Y,5127,,,
,,,HOUGHTON,Y,5131,,,
,,,LOWER HERMITAGE,Y,5131,,,
,,,UPPER HERMITAGE,Y,5131,,,
,,,PARACOMBE,Y,5132,,,
,,,INGLEWOOD,Y,5133,,,
,,,CHERRYVILLE,Y,5134,,,
,,,MONTACUTE,Y,5134,,,
,,,NORTON SUMMIT,Y,5136,,,
,,,ASHTON,Y,5137,,,
,,,MARBLE HILL,Y,5137,,,
,,,BASKET RANGE,Y,5138,,,
,,,FOREST RANGE,Y,5139,,,
,,,GREENHILL,Y,5140,,,
,,,HORSNELL GULLY,Y,5141,,,
,,,SUMMERTOWN,Y,5141,,,
,,,URAIDLA,Y,5142,,,
,,,CAREY GULLY,Y,5144,,,
,,,EAGLE ON THE HILL,Y,5150,,,
,,,LEAWOOD GARDENS,Y,5150,,,
,,,PICCADILLY,Y,5151,,,
,,,CLELAND,Y,5152,,,
,,,CRAFERS,Y,5152,,,
,,,CRAFERS WEST,Y,5152,,,
,,,MOUNT LOFTY,Y,5152,,,
,,,STIRLING,Y,5152,,,
,,,BIGGS FLAT,Y,5153,,,
,,,BRADBURY,Y,5153,,,
,,,CHAPEL HILL,Y,5153,,,
,,,ECHUNGA,Y,5153,,,
,,,FLAXLEY,Y,5153,,,
,,,GREEN HILLS RANGE,Y,5153,,,
,,,HEATHFIELD,Y,5153,,,
,,,IRONBANK,Y,5153,,,
,,,JUPITER CREEK,Y,5153,,,
,,,LONGWOOD,Y,5153,,,
,,,MACCLESFIELD,Y,5153,,,
,,,MYLOR,Y,5153,,,
,,,SCOTT CREEK,Y,5153,,,
,,,ALDGATE,Y,5154,,,
,,,BRIDGEWATER,Y,5155,,,
,,,MOUNT GEORGE,Y,5155,,,
,,,UPPER STURT,Y,5156,,,
,,,ASHBOURNE,Y,5157,,,
,,,BULL CREEK,Y,5157,,,
,,,CHERRY GARDENS,Y,5157,,,
,,,CLARENDON,Y,5157,,,
,,,COROMANDEL EAST,Y,5157,,,
,,,DORSET VALE,Y,5157,,,
,,,KANGARILLA,Y,5157,,,
,,,MCHARG CREEK,Y,5157,,,
,,,HALLETT COVE,Y,5158,,,
,,,O’HALLORAN HILL,Y,5158,,,
,,,O'HALLORAN HILL,Y,5158,,,
,,,O'HALLORAN HILL DC,Y,5158,,,
,,,SHEIDOW PARK,Y,5158,,,
,,,TROTT PARK,Y,5158,,,
,,,ABERFOYLE PARK,Y,5159,,,
,,,CHANDLERS HILL,Y,5159,,,
,,,FLAGSTAFF HILL,Y,5159,,,
,,,HAPPY VALLEY,Y,5159,,,
,,,LONSDALE,Y,5160,,,
,,,LONSDALE DC,Y,5160,,,
,,,PORT STANVAC,Y,5160,,,
,,,OLD REYNELLA,Y,5161,,,
,,,REYNELLA,Y,5161,,,
,,,REYNELLA EAST,Y,5161,,,
,,,MORPHETT VALE,Y,5162,,,
,,,WOODCROFT,Y,5162,,,
,,,HACKHAM,Y,5163,,,
,,,HACKHAM WEST,Y,5163,,,
,,,HUNTFIELD HEIGHTS,Y,5163,,,
,,,ONKAPARINGA HILLS,Y,5163,,,
,,,CHRISTIE DOWNS,Y,5164,,,
,,,CHRISTIES BEACH,Y,5165,,,
,,,CHRISTIES BEACH NORTH,Y,5165,,,
,,,O’SULLIVAN BEACH,Y,5166,,,
,,,O'SULLIVAN BEACH,Y,5166,,,
,,,PORT NOARLUNGA,Y,5167,,,
,,,PORT NOARLUNGA SOUTH,Y,5167,,,
,,,NOARLUNGA CENTRE,Y,5168,,,
,,,NOARLUNGA DOWNS,Y,5168,,,
,,,OLD NOARLUNGA,Y,5168,,,
,,,MOANA,Y,5169,,,
,,,SEAFORD,Y,5169,,,
,,,SEAFORD HEIGHTS,Y,5169,,,
,,,SEAFORD MEADOWS,Y,5169,,,
,,,SEAFORD RISE,Y,5169,,,
,,,MASLIN BEACH,Y,5170,,,
,,,BLEWITT SPRINGS,Y,5171,,,
,,,MCLAREN FLAT,Y,5171,,,
,,,MCLAREN VALE,Y,5171,,,
,,,PEDLER CREEK,Y,5171,,,
,,,TATACHILLA,Y,5171,,,
,,,DINGABLEDINGA,Y,5172,,,
,,,HOPE FOREST,Y,5172,,,
,,,KUITPO,Y,5172,,,
,,,KUITPO COLONY,Y,5172,,,
,,,KYEEMA,Y,5172,,,
,,,MONTARRA,Y,5172,,,
,,,PAGES FLAT,Y,5172,,,
,,,THE RANGE,Y,5172,,,
,,,WHITES VALLEY,Y,5172,,,
,,,WILLUNGA,Y,5172,,,
,,,WILLUNGA HILL,Y,5172,,,
,,,WILLUNGA SOUTH,Y,5172,,,
,,,YUNDI,Y,5172,,,
,,,ALDINGA,Y,5173,,,
,,,ALDINGA BEACH,Y,5173,,,
,,,PORT WILLUNGA,Y,5173,,,
,,,SILVER SANDS,Y,5173,,,
,,,SELLICKS BEACH,Y,5174,,,
,,,SELLICKS HILL,Y,5174,,,
,,,BLACKFELLOWS CREEK,Y,5201,,,
,,,KUITPO,Y,5201,,,
,,,MEADOWS,Y,5201,,,
,,,PARIS CREEK,Y,5201,,,
,,,PROSPECT HILL,Y,5201,,,
,,,HINDMARSH TIERS,Y,5202,,,
,,,MYPONGA,Y,5202,,,
,,,MYPONGA BEACH,Y,5202,,,
,,,BALD HILLS,Y,5203,,,
,,,PARAWA,Y,5203,,,
,,,TORRENS VALE,Y,5203,,,
,,,TUNKALILLA,Y,5203,,,
,,,WATTLE FLAT,Y,5203,,,
,,,YANKALILLA,Y,5203,,,
,,,CAPE JERVIS,Y,5204,,,
,,,CARRICKALINGA,Y,5204,,,
,,,DEEP CREEK,Y,5204,,,
,,,DELAMERE,Y,5204,,,
,,,HAY FLAT,Y,5204,,,
,,,NORMANVILLE,Y,5204,,,
,,,RAPID BAY,Y,5204,,,
,,,SECOND VALLEY,Y,5204,,,
,,,SILVERTON,Y,5204,,,
,,,WIRRINA COVE,Y,5204,,,
,,,MOUNT COMPASS,Y,5210,,,
,,,MOUNT MAGNIFICENT,Y,5210,,,
,,,NANGKITA,Y,5210,,,
,,,BACK VALLEY,Y,5211,,,
,,,CHITON,Y,5211,,,
,,,ENCOUNTER BAY,Y,5211,,,
,,,HAYBOROUGH,Y,5211,,,
,,,HINDMARSH VALLEY,Y,5211,,,
,,,INMAN VALLEY,Y,5211,,,
,,,LOWER INMAN VALLEY,Y,5211,,,
,,,MCCRACKEN,Y,5211,,,
,,,MOUNT JAGGED,Y,5211,,,
,,,VICTOR HARBOR,Y,5211,,,
,,,VICTOR HARBOR CENTRAL,Y,5211,,,
,,,WAITPINGA,Y,5211,,,
,,,WILLOW CREEK,Y,5211,,,
,,,YILKI,Y,5211,,,
,,,PORT ELLIOT,Y,5212,,,
,,,MIDDLETON,Y,5213,,,
,,,CURRENCY CREEK,Y,5214,,,
,,,GOOLWA,Y,5214,,,
,,,GOOLWA BEACH,Y,5214,,,
,,,GOOLWA NORTH,Y,5214,,,
,,,GOOLWA SOUTH,Y,5214,,,
,,,HINDMARSH ISLAND,Y,5214,,,
,,,MOSQUITO HILL,Y,5214,,,
,,,MUNDOO ISLAND,Y,5214,,,
,,,PARNDANA,Y,5220,,,
,,,AMERICAN RIVER,Y,5221,,,
,,,BALLAST HEAD,Y,5221,,,
,,,MUSTON,Y,5221,,,
,,,AMERICAN BEACH,Y,5222,,,
,,,ANTECHAMBER BAY,Y,5222,,,
,,,BAUDIN BEACH,Y,5222,,,
,,,BROWN BEACH,Y,5222,,,
,,,BROWNS BEACH,Y,5222,,,
,,,CUTTLEFISH BAY,Y,5222,,,
,,,DUDLEY EAST,Y,5222,,,
,,,DUDLEY WEST,Y,5222,,,
,,,HUNGERFORD,Y,5222,,,
,,,IRONSTONE,Y,5222,,,
,,,ISLAND BEACH,Y,5222,,,
,,,KANGAROO HEAD,Y,5222,,,
,,,PELICAN LAGOON,Y,5222,,,
,,,PENNESHAW,Y,5222,,,
,,,PORKY FLAT,Y,5222,,,
,,,SAPPHIRETOWN,Y,5222,,,
,,,WILLOUGHBY,Y,5222,,,
,,,WILLSON RIVER,Y,5222,,,
,,,BAY OF SHOALS,Y,5223,,,
,,,BIRCHMORE,Y,5223,,,
,,,BROWNLOW,Y,5223,,,
,,,BROWNLOW KI,Y,5223,,,
,,,CAPE BORDA,Y,5223,,,
,,,CASSINI,Y,5223,,,
,,,CYGNET RIVER,Y,5223,,,
,,,D’ESTREES BAY,Y,5223,,,
,,,DE MOLE RIVER,Y,5223,,,
,,,D'ESTREES BAY,Y,5223,,,
,,,DUNCAN,Y,5223,,,
,,,EMU BAY,Y,5223,,,
,,,FLINDERS CHASE,Y,5223,,,
,,,GOSSE,Y,5223,,,
,,,HAINES,Y,5223,,,
,,,HARRIET RIVER,Y,5223,,,
,,,KARATTA,Y,5223,,,
,,,KINGSCOTE,Y,5223,,,
,,,KOHINOOR,Y,5223,,,
,,,MACGILLIVRAY,Y,5223,,,
,,,MENZIES,Y,5223,,,
,,,MIDDLE RIVER,Y,5223,,,
,,,NEPEAN BAY,Y,5223,,,
,,,NEWLAND,Y,5223,,,
,,,NORTH CAPE,Y,5223,,,
,,,SEAL BAY,Y,5223,,,
,,,SEDDON,Y,5223,,,
,,,STOKES BAY,Y,5223,,,
,,,STUN’SAIL BOOM,Y,5223,,,
,,,STUN'SAIL BOOM,Y,5223,,,
,,,VIVONNE BAY,Y,5223,,,
,,,WESTERN RIVER,Y,5223,,,
,,,WISANGER,Y,5223,,,
,,,CHAIN OF PONDS,Y,5231,,,
,,,KERSBROOK,Y,5231,,,
,,,MILLBROOK,Y,5231,,,
,,,CUDLEE CREEK,Y,5232,,,
,,,FORRESTON,Y,5233,,,
,,,GUMERACHA,Y,5233,,,
,,,KENTON VALLEY,Y,5233,,,
,,,WARREN,Y,5233,,,
,,,BIRDWOOD,Y,5234,,,
,,,CROMER,Y,5235,,,
,,,EDEN VALLEY,Y,5235,,,
,,,FLAXMAN VALLEY,Y,5235,,,
,,,MOUNT PLEASANT,Y,5235,,,
,,,SPRINGTON,Y,5235,,,
,,,TAUNTON,Y,5235,,,
,,,TUNGKILLO,Y,5236,,,
,,,APAMURRA,Y,5237,,,
,,,MILENDELLA,Y,5237,,,
,,,PALMER,Y,5237,,,
,,,SANDERSTON,Y,5237,,,
,,,ANGAS VALLEY,Y,5238,,,
,,,BIG BEND,Y,5238,,,
,,,BOLTO,Y,5238,,,
,,,BONYTHON,Y,5238,,,
,,,BOWHILL,Y,5238,,,
,,,CAURNAMONT,Y,5238,,,
,,,CLAYPANS,Y,5238,,,
,,,COOLCHA,Y,5238,,,
,,,COWIRRA,Y,5238,,,
,,,FIVE MILES,Y,5238,,,
,,,FORSTER,Y,5238,,,
,,,FRAHNS,Y,5238,,,
,,,FRAYVILLE,Y,5238,,,
,,,JULANKA HOLDINGS,Y,5238,,,
,,,LAKE CARLET,Y,5238,,,
,,,MANNUM,Y,5238,,,
,,,NILDOTTIE,Y,5238,,,
,,,OLD TEAL FLAT,Y,5238,,,
,,,PELLARING FLAT,Y,5238,,,
,,,POMPOOTA,Y,5238,,,
,,,PONDE,Y,5238,,,
,,,PORT MANNUM,Y,5238,,,
,,,PUNTHARI,Y,5238,,,
,,,PURNONG,Y,5238,,,
,,,PURNONG LANDING,Y,5238,,,
,,,ROCKY POINT,Y,5238,,,
,,,TEAL FLAT,Y,5238,,,
,,,WALKER FLAT,Y,5238,,,
,,,WALL,Y,5238,,,
,,,WONGULLA,Y,5238,,,
,,,WOODLANE,Y,5238,,,
,,,YOUNGHUSBAND,Y,5238,,,
,,,YOUNGHUSBAND HOLDINGS,Y,5238,,,
,,,LENSWOOD,Y,5240,,,
,,,LOBETHAL,Y,5241,,,
,,,BALHANNAH,Y,5242,,,
,,,OAKBANK,Y,5243,,,
,,,CHARLESTON,Y,5244,,,
,,,HARROGATE,Y,5244,,,
,,,INVERBRACKIE,Y,5244,,,
,,,MOUNT TORRENS,Y,5244,,,
,,,WOODSIDE,Y,5244,,,
,,,HAHNDORF,Y,5245,,,
,,,PAECHTOWN,Y,5245,,,
,,,VERDUN,Y,5245,,,
,,,BLAKISTON,Y,5250,,,
,,,LITTLEHAMPTON,Y,5250,,,
,,,TOTNESS,Y,5250,,,
,,,BUGLE RANGES,Y,5251,,,
,,,MOUNT BARKER,Y,5251,,,
,,,MOUNT BARKER JUNCTION,Y,5251,,,
,,,MOUNT BARKER SPRINGS,Y,5251,,,
,,,MOUNT BARKER SUMMIT,Y,5251,,,
,,,WISTOW,Y,5251,,,
,,,BRUKUNGA,Y,5252,,,
,,,DAWESLEY,Y,5252,,,
,,,HAY VALLEY,Y,5252,,,
,,,KANMANTOO,Y,5252,,,
,,,NAIRNE,Y,5252,,,
,,,PETWOOD,Y,5252,,,
,,,ST IVES,Y,5252,,,
,,,AVOCA DELL,Y,5253,,,
,,,BRINKLEY,Y,5253,,,
,,,BURDETT,Y,5253,,,
,,,CHAPMAN BORE,Y,5253,,,
,,,ETTRICK,Y,5253,,,
,,,GIFFORD HILL,Y,5253,,,
,,,GREENBANKS,Y,5253,,,
,,,LONG FLAT,Y,5253,,,
,,,MOBILONG,Y,5253,,,
,,,MONTEITH,Y,5253,,,
,,,MURRAWONG,Y,5253,,,
,,,MURRAY BRIDGE,Y,5253,,,
,,,MURRAY BRIDGE EAST,Y,5253,,,
,,,MURRAY BRIDGE NORTH,Y,5253,,,
,,,MURRAY BRIDGE SOUTH,Y,5253,,,
,,,NORTHERN HEIGHTS,Y,5253,,,
,,,RIVERGLADES,Y,5253,,,
,,,RIVERGLEN,Y,5253,,,
,,,ROCKY GULLY,Y,5253,,,
,,,SUNNYSIDE,Y,5253,,,
,,,SWANPORT,Y,5253,,,
,,,TOORA,Y,5253,,,
,,,WHITE HILL,Y,5253,,,
,,,WHITE SANDS,Y,5253,,,
,,,WILLOW BANKS,Y,5253,,,
,,,WOODS POINT,Y,5253,,,
,,,BUCCLEUCH,Y,5254,,,
,,,CALLINGTON,Y,5254,,,
,,,CALOOTE,Y,5254,,,
,,,MONARTO,Y,5254,,,
,,,MONARTO SOUTH,Y,5254,,,
,,,MONTEITH,Y,5254,,,
,,,MURRAY BRIDGE,Y,5254,,,
,,,MYPOLONGA,Y,5254,,,
,,,PALLAMANA,Y,5254,,,
,,,PETWOOD,Y,5254,,,
,,,ROCKLEIGH,Y,5254,,,
,,,ROCKY GULLY,Y,5254,,,
,,,TEPKO,Y,5254,,,
,,,THE POINT,Y,5254,,,
,,,WALL FLAT,Y,5254,,,
,,,WHITE HILL,Y,5254,,,
,,,WOODLANE,Y,5254,,,
,,,ZADOWS LANDING,Y,5254,,,
,,,ANGAS PLAINS,Y,5255,,,
,,,BELVIDERE,Y,5255,,,
,,,BLETCHLEY,Y,5255,,,
,,,FINNISS,Y,5255,,,
,,,GEMMELLS,Y,5255,,,
,,,HARTLEY,Y,5255,,,
,,,HIGHLAND VALLEY,Y,5255,,,
,,,LAKE PLAINS,Y,5255,,,
,,,LANGHORNE CREEK,Y,5255,,,
,,,MOUNT OBSERVATION,Y,5255,,,
,,,MULGUNDAWA,Y,5255,,,
,,,NALPA,Y,5255,,,
,,,RED CREEK,Y,5255,,,
,,,SALEM,Y,5255,,,
,,,SANDERGROVE,Y,5255,,,
,,,STRATHALBYN,Y,5255,,,
,,,TOOPERANG,Y,5255,,,
,,,WILLYAROO,Y,5255,,,
,,,WOODCHESTER,Y,5255,,,
,,,CLAYTON,Y,5256,,,
,,,CLAYTON BAY,Y,5256,,,
,,,MILANG,Y,5256,,,
,,,NURRAGI,Y,5256,,,
,,,POINT STURT,Y,5256,,,
,,,TOLDEROL,Y,5256,,,
,,,ASHVILLE,Y,5259,,,
,,,EAST WELLINGTON,Y,5259,,,
,,,JERVOIS,Y,5259,,,
,,,KEPA,Y,5259,,,
,,,LAKE ALBERT,Y,5259,,,
,,,LAKE ALEXANDRINA,Y,5259,,,
,,,MALINONG,Y,5259,,,
,,,NARRUNG,Y,5259,,,
,,,NATURI,Y,5259,,,
,,,POINT MCLEAY,Y,5259,,,
,,,POLTALLOCH,Y,5259,,,
,,,RAUKKAN,Y,5259,,,
,,,TAILEM BEND,Y,5259,,,
,,,WELLINGTON,Y,5259,,,
,,,WELLINGTON EAST,Y,5259,,,
,,,BAYAH,Y,5260,,,
,,,ELWOMPLE,Y,5260,,,
,,,TAILEM BEND,Y,5260,,,
,,,COOKE PLAINS,Y,5261,,,
,,,COOMANDOOK,Y,5261,,,
,,,CULBURRA,Y,5261,,,
,,,KI KI,Y,5261,,,
,,,YUMALI,Y,5261,,,
,,,BINNUM,Y,5262,,,
,,,FRANCES,Y,5262,,,
,,,HYNAM,Y,5262,,,
,,,KYBYBOLITE,Y,5262,,,
,,,COONAWARRA,Y,5263,,,
,,,COORONG,Y,5264,,,
,,,MENINGIE,Y,5264,,,
,,,MENINGIE EAST,Y,5264,,,
,,,MENINGIE WEST,Y,5264,,,
,,,POLICEMAN POINT,Y,5264,,,
,,,SALT CREEK,Y,5264,,,
,,,WALTOWA,Y,5264,,,
,,,COONALPYN,Y,5265,,,
,,,FIELD,Y,5265,,,
,,,BUNBURY,Y,5266,,,
,,,COLEBATCH,Y,5266,,,
,,,DEEPWATER,Y,5266,,,
,,,TINTINARA,Y,5266,,,
,,,BRIMBAGO,Y,5267,,,
,,,COOMBE,Y,5267,,,
,,,KEITH,Y,5267,,,
,,,LAFFER,Y,5267,,,
,,,MAKIN,Y,5267,,,
,,,MCCALLUM,Y,5267,,,
,,,MOUNT CHARLES,Y,5267,,,
,,,PETHERICK,Y,5267,,,
,,,SHAUGH,Y,5267,,,
,,,SHERWOOD,Y,5267,,,
,,,WILLALOOKA,Y,5267,,,
,,,WIRREGA,Y,5267,,,
,,,BANGHAM,Y,5268,,,
,,,BORDERTOWN,Y,5268,,,
,,,BORDERTOWN SOUTH,Y,5268,,,
,,,CANGARA,Y,5268,,,
,,,CANNAWIGARA,Y,5268,,,
,,,LOWAN VALE,Y,5268,,,
,,,POOGINAGORIC,Y,5268,,,
,,,SENIOR,Y,5268,,,
,,,WESTERN FLAT,Y,5268,,,
,,,CUSTON,Y,5269,,,
,,,CUSTON,Y,5269,,,
,,,PINE HILL,Y,5269,,,
,,,WOLSELEY,Y,5269,,,
,,,BUCKINGHAM,Y,5270,,,
,,,CAREW,Y,5270,,,
,,,KONGAL,Y,5270,,,
,,,MUNDULLA,Y,5270,,,
,,,MUNDULLA WEST,Y,5270,,,
,,,SWEDE FLAT,Y,5270,,,
,,,BOOL LAGOON,Y,5271,,,
,,,CADGEE,Y,5271,,,
,,,JOANNA,Y,5271,,,
,,,KEPPOCH,Y,5271,,,
,,,KOPPAMURRA,Y,5271,,,
,,,LAURIE PARK,Y,5271,,,
,,,LOCHABER,Y,5271,,,
,,,MARCOLLAT,Y,5271,,,
,,,MOUNT LIGHT,Y,5271,,,
,,,MOYHALL,Y,5271,,,
,,,NARACOORTE,Y,5271,,,
,,,PADTHAWAY,Y,5271,,,
,,,SPENCE,Y,5271,,,
,,,STEWART RANGE,Y,5271,,,
,,,STRUAN,Y,5271,,,
,,,THE GAP,Y,5271,,,
,,,WILD DOG VALLEY,Y,5271,,,
,,,WRATTONBULLY,Y,5271,,,
,,,COLES,Y,5272,,,
,,,CONMURRA,Y,5272,,,
,,,FOX,Y,5272,,,
,,,GREENWAYS,Y,5272,,,
,,,LUCINDALE,Y,5272,,,
,,,WOOLUMBOOL,Y,5272,,,
,,,AVENUE RANGE,Y,5273,,,
,,,BLACKFORD,Y,5275,,,
,,,BOATSWAIN POINT,Y,5275,,,
,,,CAPE JAFFA,Y,5275,,,
,,,KEILIRA,Y,5275,,,
,,,KINGSTON SE,Y,5275,,,
,,,MOUNT BENSON,Y,5275,,,
,,,PINKS BEACH,Y,5275,,,
,,,REEDY CREEK,Y,5275,,,
,,,ROSETOWN,Y,5275,,,
,,,SANDY GROVE,Y,5275,,,
,,,TARATAP,Y,5275,,,
,,,TILLEY SWAMP,Y,5275,,,
,,,WANGOLINA,Y,5275,,,
,,,WEST RANGE,Y,5275,,,
,,,WYOMI,Y,5275,,,
,,,BRAY,Y,5276,,,
,,,NORA CREINA,Y,5276,,,
,,,ROBE,Y,5276,,,
,,,COMAUM,Y,5277,,,
,,,GLENROY,Y,5277,,,
,,,MAAOUPE,Y,5277,,,
,,,MONBULLA,Y,5277,,,
,,,NANGWARRY,Y,5277,,,
,,,PENOLA,Y,5277,,,
,,,PLEASANT PARK,Y,5277,,,
,,,TARPEENA,Y,5277,,,
,,,KALANGADOO,Y,5278,,,
,,,KRONGART,Y,5278,,,
,,,MOERLONG,Y,5278,,,
,,,WEPAR,Y,5278,,,
,,,KOORINE,Y,5279,,,
,,,MOUNT BURR,Y,5279,,,
,,,MOUNT MCINTYRE,Y,5279,,,
,,,SHORT,Y,5279,,,
,,,TRIHI,Y,5279,,,
,,,WATTLE RANGE EAST,Y,5279,,,
,,,BEACHPORT,Y,5280,,,
,,,CANUNDA,Y,5280,,,
,,,CLAY WELLS,Y,5280,,,
,,,FURNER,Y,5280,,,
,,,GERMAN CREEK,Y,5280,,,
,,,GERMAN CREEK,Y,5280,,,
,,,GERMAN FLAT,Y,5280,,,
,,,HATHERLEIGH,Y,5280,,,
,,,KANGAROO INN,Y,5280,,,
,,,MAGAREY,Y,5280,,,
,,,MILLICENT,Y,5280,,,
,,,RENDELSHAM,Y,5280,,,
,,,ROCKY CAMP,Y,5280,,,
,,,SEBASTOPOL,Y,5280,,,
,,,SOUTHEND,Y,5280,,,
,,,TANTANOOLA,Y,5280,,,
,,,THORNLEA,Y,5280,,,
,,,WATTLE RANGE,Y,5280,,,
,,,MOUNT GAMBIER,Y,5290,,,
,,,MOUNT GAMBIER DC,Y,5290,,,
,,,ALLENDALE EAST,Y,5291,,,
,,,BLACKFELLOWS CAVES,Y,5291,,,
,,,BURRUNGULE,Y,5291,,,
,,,CANUNDA,Y,5291,,,
,,,CAPE DOUGLAS,Y,5291,,,
,,,CAROLINE,Y,5291,,,
,,,CARPENTER ROCKS,Y,5291,,,
,,,CAVETON,Y,5291,,,
,,,COMPTON,Y,5291,,,
,,,DISMAL SWAMP,Y,5291,,,
,,,DONOVANS,Y,5291,,,
,,,EIGHT MILE CREEK,Y,5291,,,
,,,GERMAN CREEK,Y,5291,,,
,,,GLENBURNIE,Y,5291,,,
,,,GLENCOE,Y,5291,,,
,,,GLENCOE WEST,Y,5291,,,
,,,KONGORONG,Y,5291,,,
,,,MIL LEL,Y,5291,,,
,,,MIL-LEL,Y,5291,,,
,,,MINGBOOL,Y,5291,,,
,,,MOORAK,Y,5291,,,
,,,MOUNT GAMBIER,Y,5291,,,
,,,MOUNT GAMBIER EAST,Y,5291,,,
,,,MOUNT GAMBIER WEST,Y,5291,,,
,,,MOUNT SCHANK,Y,5291,,,
,,,NENE VALLEY,Y,5291,,,
,,,O B FLAT,Y,5291,,,
,,,OB FLAT,Y,5291,,,
,,,PELICAN POINT,Y,5291,,,
,,,PORT MACDONNELL,Y,5291,,,
,,,RACECOURSE BAY,Y,5291,,,
,,,SQUARE MILE,Y,5291,,,
,,,SUTTONTOWN,Y,5291,,,
,,,WANDILO,Y,5291,,,
,,,WORROLONG,Y,5291,,,
,,,WYE,Y,5291,,,
,,,YAHL,Y,5291,,,
,,,CARCUMA,Y,5301,,,
,,,GERANIUM,Y,5301,,,
,,,JABUK,Y,5301,,,
,,,MOORLANDS,Y,5301,,,
,,,NETHERTON,Y,5301,,,
,,,PARRAKIE,Y,5301,,,
,,,PEAKE,Y,5301,,,
,,,SHERLOCK,Y,5301,,,
,,,WILKAWATT,Y,5301,,,
,,,LAMEROO,Y,5302,,,
,,,NGARKAT,Y,5302,,,
,,,SMITHVILLE,Y,5302,,,
,,,PARILLA,Y,5303,,,
,,,KARTE,Y,5304,,,
,,,KRINGIN,Y,5304,,,
,,,PEEBINGA,Y,5304,,,
,,,PINNAROO,Y,5304,,,
,,,WYNARKA,Y,5306,,,
,,,KAROONDA,Y,5307,,,
,,,KARTE,Y,5307,,,
,,,KULKAMI,Y,5307,,,
,,,LOWALDIE,Y,5307,,,
,,,MARAMA,Y,5307,,,
,,,MOOTATUNGA,Y,5307,,,
,,,COPEVILLE,Y,5308,,,
,,,GALGA,Y,5308,,,
,,,KALYAN,Y,5308,,,
,,,MAGGEA,Y,5308,,,
,,,MANTUNG,Y,5308,,,
,,,MERCUNDA,Y,5308,,,
,,,PERPONDA,Y,5308,,,
,,,BORRIKA,Y,5309,,,
,,,HALIDON,Y,5309,,,
,,,MINDARIE,Y,5309,,,
,,,SANDALWOOD,Y,5309,,,
,,,CALIPH,Y,5310,,,
,,,WANBI,Y,5310,,,
,,,ALAWOONA,Y,5311,,,
,,,BILLIATT,Y,5311,,,
,,,BUGLE HUT,Y,5311,,,
,,,MAGGEA,Y,5311,,,
,,,MALPAS,Y,5311,,,
,,,MERIBAH,Y,5311,,,
,,,PARUNA,Y,5311,,,
,,,SCHELL WELL,Y,5311,,,
,,,TALDRA,Y,5311,,,
,,,TAPLAN,Y,5311,,,
,,,VEITCH,Y,5311,,,
,,,WOODLEIGH,Y,5311,,,
,,,WUNKAR,Y,5311,,,
,,,BEATTY,Y,5320,,,
,,,BEAUMONTS,Y,5320,,,
,,,BRENDA PARK,Y,5320,,,
,,,BUNDEY,Y,5320,,,
,,,EBA,Y,5320,,,
,,,LINDLEY,Y,5320,,,
,,,MAUDE,Y,5320,,,
,,,MORGAN,Y,5320,,,
,,,MORPHETTS FLAT,Y,5320,,,
,,,MURBKO,Y,5320,,,
,,,NORTH WEST BEND,Y,5320,,,
,,,STUART,Y,5320,,,
,,,WESTONS FLAT,Y,5320,,,
,,,WOMBATS REST,Y,5320,,,
,,,CADELL,Y,5321,,,
,,,CADELL LAGOON,Y,5321,,,
,,,GOLDEN HEIGHTS,Y,5322,,,
,,,QUALCO,Y,5322,,,
,,,RAMCO,Y,5322,,,
,,,RAMCO HEIGHTS,Y,5322,,,
,,,SUNLANDS,Y,5322,,,
,,,BOOLGUN,Y,5330,,,
,,,DEVLINS POUND,Y,5330,,,
,,,GOOD HOPE LANDING,Y,5330,,,
,,,HAWKS NEST STATION,Y,5330,,,
,,,HOLDER,Y,5330,,,
,,,HOLDER SIDING,Y,5330,,,
,,,KANNI,Y,5330,,,
,,,LOWBANK,Y,5330,,,
,,,MARKARANKA,Y,5330,,,
,,,OVERLAND CORNER,Y,5330,,,
,,,POOGINOOK,Y,5330,,,
,,,STOCKYARD PLAIN,Y,5330,,,
,,,TAYLORVILLE,Y,5330,,,
,,,TAYLORVILLE STATION,Y,5330,,,
,,,WAIKERIE,Y,5330,,,
,,,WIGLEY FLAT,Y,5330,,,
,,,WOOLPUNDA,Y,5330,,,
,,,KINGSTON ON MURRAY,Y,5331,,,
,,,KINGSTON-ON-MURRAY,Y,5331,,,
,,,MOOROOK,Y,5332,,,
,,,MOOROOK SOUTH,Y,5332,,,
,,,WAPPILKA,Y,5332,,,
,,,YINKANIE,Y,5332,,,
,,,BOOKPURNONG,Y,5333,,,
,,,LOXTON,Y,5333,,,
,,,LOXTON NORTH,Y,5333,,,
,,,NANGARI,Y,5333,,,
,,,NEW RESIDENCE,Y,5333,,,
,,,NOORA,Y,5333,,,
,,,PATA,Y,5333,,,
,,,PYAP,Y,5333,,,
,,,PYAP WEST,Y,5333,,,
,,,TAPLAN,Y,5333,,,
,,,MUNDIC CREEK,Y,5340,,,
,,,MURTHO,Y,5340,,,
,,,PARINGA,Y,5340,,,
,,,PIKE RIVER,Y,5340,,,
,,,WONUARRA,Y,5340,,,
,,,YAMBA,Y,5340,,,
,,,CALPERUM,Y,5341,,,
,,,CALPERUM STATION,Y,5341,,,
,,,CHAFFEY,Y,5341,,,
,,,CHOWILLA,Y,5341,,,
,,,COOLTONG,Y,5341,,,
,,,CRESCENT,Y,5341,,,
,,,OLD CALPERUM,Y,5341,,,
,,,RENMARK,Y,5341,,,
,,,RENMARK NORTH,Y,5341,,,
,,,RENMARK SOUTH,Y,5341,,,
,,,RENMARK WEST,Y,5341,,,
,,,YAMBA,Y,5341,,,
,,,MONASH,Y,5342,,,
,,,BERRI,Y,5343,,,
,,,GERARD,Y,5343,,,
,,,GURRA GURRA,Y,5343,,,
,,,KATARAPKO,Y,5343,,,
,,,LYRUP,Y,5343,,,
,,,WINKIE,Y,5343,,,
,,,GLOSSOP,Y,5344,,,
,,,BARMERA,Y,5345,,,
,,,LOVEDAY,Y,5345,,,
,,,SPECTACLE LAKE,Y,5345,,,
,,,COBDOGLA,Y,5346,,,
,,,ROSEDALE,Y,5350,,,
,,,SANDY CREEK,Y,5350,,,
,,,ALTONA,Y,5351,,,
,,,BAROSSA GOLDFIELDS,Y,5351,,,
,,,COCKATOO VALLEY,Y,5351,,,
,,,LYNDOCH,Y,5351,,,
,,,MOUNT CRAWFORD,Y,5351,,,
,,,PEWSEY VALE,Y,5351,,,
,,,WILLIAMSTOWN,Y,5351,,,
,,,BETHANY,Y,5352,,,
,,,GOMERSAL,Y,5352,,,
,,,KRONDORF,Y,5352,,,
,,,ROWLAND FLAT,Y,5352,,,
,,,STONE WELL,Y,5352,,,
,,,TANUNDA,Y,5352,,,
,,,VINE VALE,Y,5352,,,
,,,ANGASTON,Y,5353,,,
,,,BLACK HILL,Y,5353,,,
,,,CAMBRAI,Y,5353,,,
,,,KEYNETON,Y,5353,,,
,,,KONGOLIA,Y,5353,,,
,,,LANGS LANDING,Y,5353,,,
,,,MOCULTA,Y,5353,,,
,,,MOUNT MCKENZIE,Y,5353,,,
,,,PENRICE,Y,5353,,,
,,,PUNYELROO,Y,5353,,,
,,,SEDAN,Y,5353,,,
,,,SUNNYDALE,Y,5353,,,
,,,TOWITTA,Y,5353,,,
,,,BAKARA,Y,5354,,,
,,,BAKARA WELL,Y,5354,,,
,,,FISHER,Y,5354,,,
,,,MARKS LANDING,Y,5354,,,
,,,NAIDIA,Y,5354,,,
,,,PUNYELROO,Y,5354,,,
,,,SWAN REACH,Y,5354,,,
,,,DAVEYSTON,Y,5355,,,
,,,EBENEZER,Y,5355,,,
,,,LIGHT PASS,Y,5355,,,
,,,MARANANGA,Y,5355,,,
,,,MOPPA,Y,5355,,,
,,,NURIOOTPA,Y,5355,,,
,,,SEPPELTSFIELD,Y,5355,,,
,,,STOCKWELL,Y,5355,,,
,,,ANNADALE,Y,5356,,,
,,,DUTTON,Y,5356,,,
,,,DUTTON EAST,Y,5356,,,
,,,SANDLETON,Y,5356,,,
,,,ST KITTS,Y,5356,,,
,,,STEINFELD,Y,5356,,,
,,,TRURO,Y,5356,,,
,,,BLANCHETOWN,Y,5357,,,
,,,MCBEAN POUND,Y,5357,,,
,,,MOORUNDIE,Y,5357,,,
,,,NEW WELL,Y,5357,,,
,,,NOTTS WELL,Y,5357,,,
,,,PAISLEY,Y,5357,,,
,,,WIGLEY FLAT,Y,5357,,,
,,,GREENOCK,Y,5360,,,
,,,NAIN,Y,5360,,,
,,,MORN HILL,Y,5371,,,
,,,ROSEWORTHY,Y,5371,,,
,,,SHEA-OAK LOG,Y,5371,,,
,,,TEMPLERS,Y,5371,,,
,,,FREELING,Y,5372,,,
,,,ALLENDALE NORTH,Y,5373,,,
,,,BAGOT WELL,Y,5373,,,
,,,BETHEL,Y,5373,,,
,,,FORDS,Y,5373,,,
,,,HAMILTON,Y,5373,,,
,,,KAPUNDA,Y,5373,,,
,,,KOONUNGA,Y,5373,,,
,,,ST JOHNS,Y,5373,,,
,,,AUSTRALIA PLAINS,Y,5374,,,
,,,BOWER,Y,5374,,,
,,,BROWNLOW,Y,5374,,,
,,,BUCHANAN,Y,5374,,,
,,,EUDUNDA,Y,5374,,,
,,,FRANKTON,Y,5374,,,
,,,HAMPDEN,Y,5374,,,
,,,HANSBOROUGH,Y,5374,,,
,,,JULIA,Y,5374,,,
,,,MOUNT MARY,Y,5374,,,
,,,NEALES FLAT,Y,5374,,,
,,,NGAPALA,Y,5374,,,
,,,PEEP HILL,Y,5374,,,
,,,POINT PASS,Y,5374,,,
,,,SUTHERLANDS,Y,5374,,,
,,,BRADY CREEK,Y,5381,,,
,,,BRIGHT,Y,5381,,,
,,,EMU DOWNS,Y,5381,,,
,,,GERANIUM PLAINS,Y,5381,,,
,,,HALLELUJA HILLS,Y,5381,,,
,,,HALLELUJAH HILLS,Y,5381,,,
,,,ROBERTSTOWN,Y,5381,,,
,,,ROCKY PLAIN,Y,5381,,,
,,,WORLDS END,Y,5381,,,
,,,WORLDS END CREEK,Y,5381,,,
,,,MAGDALA,Y,5400,,,
,,,PINKERTON PLAINS,Y,5400,,,
,,,WASLEYS,Y,5400,,,
,,,WOOLSHEDS,Y,5400,,,
,,,ALMA,Y,5401,,,
,,,HAMLEY BRIDGE,Y,5401,,,
,,,SALTER SPRINGS,Y,5401,,,
,,,LINWOOD,Y,5410,,,
,,,STOCKPORT,Y,5410,,,
,,,GILES CORNER,Y,5411,,,
,,,TARLEE,Y,5411,,,
,,,NAVAN,Y,5412,,,
,,,RHYNIE,Y,5412,,,
,,,RIVERTON,Y,5412,,,
,,,WOOLSHED FLAT,Y,5412,,,
,,,APOINGA,Y,5413,,,
,,,BLACK SPRINGS,Y,5413,,,
,,,MARRABEL,Y,5413,,,
,,,SADDLEWORTH,Y,5413,,,
,,,STEELTON,Y,5413,,,
,,,TARNMA,Y,5413,,,
,,,TOTHILL BELT,Y,5413,,,
,,,TOTHILL CREEK,Y,5413,,,
,,,WATERLOO,Y,5413,,,
,,,MANOORA,Y,5414,,,
,,,MINTARO,Y,5415,,,
,,,STANLEY,Y,5415,,,
,,,FARRELL FLAT,Y,5416,,,
,,,PORTER LAGOON,Y,5416,,,
,,,BALAH,Y,5417,,,
,,,BALDINA,Y,5417,,,
,,,BOOBOROWIE,Y,5417,,,
,,,BUNYUNG,Y,5417,,,
,,,BURRA,Y,5417,,,
,,,BURRA EASTERN DISTRICTS,Y,5417,,,
,,,CANEGRASS,Y,5417,,,
,,,DANGGALI,Y,5417,,,
,,,FARAWAY HILL,Y,5417,,,
,,,GLUEPOT,Y,5417,,,
,,,GUM CREEK,Y,5417,,,
,,,HANSON,Y,5417,,,
,,,KOONOONA,Y,5417,,,
,,,LEIGHTON,Y,5417,,,
,,,MONGOLATA,Y,5417,,,
,,,NORTH BOOBOROWIE,Y,5417,,,
,,,OAKVALE STATION,Y,5417,,,
,,,OLD KOOMOOLOO,Y,5417,,,
,,,PARCOOLA,Y,5417,,,
,,,PINE VALLEY STATION,Y,5417,,,
,,,QUONDONG,Y,5417,,,
,,,STURT VALE,Y,5417,,,
,,,WARNES,Y,5417,,,
,,,COLLINSVILLE,Y,5418,,,
,,,MOUNT BRYAN,Y,5418,,,
,,,CANOWIE,Y,5419,,,
,,,HALLETT,Y,5419,,,
,,,MOUNT BRYAN EAST,Y,5419,,,
,,,PINE CREEK,Y,5419,,,
,,,ULOOLOO,Y,5419,,,
,,,WILLALO,Y,5419,,,
,,,WONNA,Y,5419,,,
,,,CANOWIE BELT,Y,5420,,,
,,,WHYTE YARCOWIE,Y,5420,,,
,,,FRANKLYN,Y,5421,,,
,,,TEROWIE,Y,5421,,,
,,,CAVENAGH,Y,5422,,,
,,,DAWSON,Y,5422,,,
,,,ERSKINE,Y,5422,,,
,,,HARDY,Y,5422,,,
,,,MANNANARIE,Y,5422,,,
,,,MINVALARA,Y,5422,,,
,,,OODLA WIRRA,Y,5422,,,
,,,PARATOO,Y,5422,,,
,,,PARNAROO,Y,5422,,,
,,,PETERBOROUGH,Y,5422,,,
,,,SUNNYBRAE,Y,5422,,,
,,,UCOLTA,Y,5422,,,
,,,WAROONEE,Y,5422,,,
,,,YATINA,Y,5422,,,
,,,AMYTON,Y,5431,,,
,,,BLACK ROCK,Y,5431,,,
,,,COOMOOROO,Y,5431,,,
,,,EURELIA,Y,5431,,,
,,,HAMMOND,Y,5431,,,
,,,JOHNBURG,Y,5431,,,
,,,JOHNBURGH,Y,5431,,,
,,,MINBURRA,Y,5431,,,
,,,MINBURRA PLAIN,Y,5431,,,
,,,MINBURRA STATION,Y,5431,,,
,,,MORCHARD,Y,5431,,,
,,,NORTH HILLS,Y,5431,,,
,,,ORROROO,Y,5431,,,
,,,PEKINA,Y,5431,,,
,,,TARCOWIE,Y,5431,,,
,,,WALLAWAY,Y,5431,,,
,,,WALLOWAY,Y,5431,,,
,,,WILLOWIE,Y,5431,,,
,,,YALPARA,Y,5431,,,
,,,BARATTA,Y,5432,,,
,,,BELTON,Y,5432,,,
,,,BIBLIANDO,Y,5432,,,
,,,CARRIETON,Y,5432,,,
,,,CRADOCK,Y,5432,,,
,,,HOLOWILIENA,Y,5432,,,
,,,HOLOWILIENA SOUTH,Y,5432,,,
,,,MOOCKRA,Y,5432,,,
,,,THREE CREEKS,Y,5432,,,
,,,WILCOWIE,Y,5432,,,
,,,WILLIPPA,Y,5432,,,
,,,WITCHITIE,Y,5432,,,
,,,YANYARRIE,Y,5432,,,
,,,BRUCE,Y,5433,,,
,,,QUORN,Y,5433,,,
,,,SALTIA,Y,5433,,,
,,,STEPHENSTON,Y,5433,,,
,,,WILLOCHRA,Y,5433,,,
,,,YARRAH,Y,5433,,,
,,,BARNDIOOTA,Y,5434,,,
,,,BLACK HILL STATION,Y,5434,,,
,,,FLINDERS RANGES,Y,5434,,,
,,,HAWKER,Y,5434,,,
,,,KANYAKA,Y,5434,,,
,,,MOUNT HAVELOCK,Y,5434,,,
,,,PRELINNA,Y,5434,,,
,,,SHAGGY RIDGE,Y,5434,,,
,,,UPALINNA,Y,5434,,,
,,,WILLOW SPRINGS,Y,5434,,,
,,,WORUMBA,Y,5434,,,
,,,ABMINGA STATION,Y,5440,,,
,,,BENDA,Y,5440,,,
,,,BILLEROO WEST,Y,5440,,,
,,,BIMBOWRIE,Y,5440,,,
,,,BINDARRAH,Y,5440,,,
,,,BOOLCOOMATTA,Y,5440,,,
,,,BULLOO CREEK,Y,5440,,,
,,,COCKBURN,Y,5440,,,
,,,CURNAMONA,Y,5440,,,
,,,DEVONBOROUGH DOWNS,Y,5440,,,
,,,ERUDINA,Y,5440,,,
,,,FLORINA STATION,Y,5440,,,
,,,FROME DOWNS,Y,5440,,,
,,,GRAMPUS,Y,5440,,,
,,,KALABITY,Y,5440,,,
,,,KALKAROO,Y,5440,,,
,,,KOONAMORE,Y,5440,,,
,,,LAKE FROME,Y,5440,,,
,,,MANNA HILL,Y,5440,,,
,,,MANUNDA STATION,Y,5440,,,
,,,MARTINS WELL,Y,5440,,,
,,,MELTON STATION,Y,5440,,,
,,,MINGARY,Y,5440,,,
,,,MOOLEULOOLOO,Y,5440,,,
,,,MOUNT VICTOR STATION,Y,5440,,,
,,,MULYUNGARIE,Y,5440,,,
,,,MUNDI MUNDI,Y,5440,,,
,,,MUTOOROO,Y,5440,,,
,,,NACKARA,Y,5440,,,
,,,NETLEY GAP,Y,5440,,,
,,,OLARY,Y,5440,,,
,,,OULNINA,Y,5440,,,
,,,OULNINA PARK,Y,5440,,,
,,,OUTALPA,Y,5440,,,
,,,PINE CREEK STATION,Y,5440,,,
,,,PLUMBAGO,Y,5440,,,
,,,PUALCO RANGE,Y,5440,,,
,,,QUINYAMBIE,Y,5440,,,
,,,TEPCO STATION,Y,5440,,,
,,,TIKALINA,Y,5440,,,
,,,WADNAMINGA,Y,5440,,,
,,,WAUKARINGA,Y,5440,,,
,,,WEEKEROO,Y,5440,,,
,,,WIAWERA,Y,5440,,,
,,,WINNININNIE,Y,5440,,,
,,,WOMPINIE,Y,5440,,,
,,,YARRAMBA,Y,5440,,,
,,,YUNTA,Y,5440,,,
,,,AUBURN,Y,5451,,,
,,,UNDALYA,Y,5451,,,
,,,LEASINGHAM,Y,5452,,,
,,,WATERVALE,Y,5452,,,
,,,ARMAGH,Y,5453,,,
,,,BARINIA,Y,5453,,,
,,,BENBOURNIE,Y,5453,,,
,,,BOCONNOC PARK,Y,5453,,,
,,,CLARE,Y,5453,,,
,,,EMU FLAT,Y,5453,,,
,,,GILLENTOWN,Y,5453,,,
,,,HILL RIVER,Y,5453,,,
,,,HOYLETON,Y,5453,,,
,,,KYBUNGA,Y,5453,,,
,,,PENWORTHAM,Y,5453,,,
,,,POLISH HILL RIVER,Y,5453,,,
,,,SEVENHILL,Y,5453,,,
,,,SPRING FARM,Y,5453,,,
,,,SPRING GULLY,Y,5453,,,
,,,STANLEY FLAT,Y,5453,,,
,,,ANDREWS,Y,5454,,,
,,,BROUGHTON RIVER VALLEY,Y,5454,,,
,,,EUROMINA,Y,5454,,,
,,,HACKLINS CORNER,Y,5454,,,
,,,MAYFIELD,Y,5454,,,
,,,SPALDING,Y,5454,,,
,,,WASHPOOL,Y,5454,,,
,,,HILLTOWN,Y,5455,,,
,,,BARABBA,Y,5460,,,
,,,OWEN,Y,5460,,,
,,,PINERY,Y,5460,,,
,,,STOCKYARD CREEK,Y,5460,,,
,,,BALAKLAVA,Y,5461,,,
,,,BOWILLIA,Y,5461,,,
,,,DALKEY,Y,5461,,,
,,,ERITH,Y,5461,,,
,,,EVERARD CENTRAL,Y,5461,,,
,,,GOYDER,Y,5461,,,
,,,HALBURY,Y,5461,,,
,,,HOSKIN CORNER,Y,5461,,,
,,,MOUNT TEMPLETON,Y,5461,,,
,,,SAINTS,Y,5461,,,
,,,STOW,Y,5461,,,
,,,WATCHMAN,Y,5461,,,
,,,WHITWARTA,Y,5461,,,
,,,BLYTH,Y,5462,,,
,,,ANAMA,Y,5464,,,
,,,BRINKWORTH,Y,5464,,,
,,,BUNGAREE,Y,5464,,,
,,,CONDOWIE,Y,5464,,,
,,,HART,Y,5464,,,
,,,KOOLUNGA,Y,5464,,,
,,,MAROLA,Y,5464,,,
,,,ROCHESTER,Y,5464,,,
,,,YACKA,Y,5470,,,
,,,GULNARE,Y,5471,,,
,,,GEORGETOWN,Y,5472,,,
,,,GLADSTONE,Y,5473,,,
,,,APPILA,Y,5480,,,
,,,LAURA,Y,5480,,,
,,,STONE HUT,Y,5480,,,
,,,BANGOR,Y,5481,,,
,,,MURRAY TOWN,Y,5481,,,
,,,WIRRABARA,Y,5481,,,
,,,WONGYARRA,Y,5481,,,
,,,BOOLEROO CENTRE,Y,5482,,,
,,,WEPOWIE,Y,5482,,,
,,,MELROSE,Y,5483,,,
,,,WILMINGTON,Y,5485,,,
,,,CALTOWIE,Y,5490,,,
,,,CALTOWIE NORTH,Y,5490,,,
,,,CALTOWIE WEST,Y,5490,,,
,,,BELALIE EAST,Y,5491,,,
,,,BELALIE NORTH,Y,5491,,,
,,,BUNDALEER GARDENS,Y,5491,,,
,,,BUNDALEER NORTH,Y,5491,,,
,,,HORNSDALE,Y,5491,,,
,,,JAMESTOWN,Y,5491,,,
,,,WEST BUNDALEER,Y,5491,,,
,,,YONGALA,Y,5493,,,
,,,BAROOTA,Y,5495,,,
,,,GERMEIN BAY,Y,5495,,,
,,,MAMBRAY CREEK,Y,5495,,,
,,,NECTAR BROOK,Y,5495,,,
,,,PORT FLINDERS,Y,5495,,,
,,,PORT GERMEIN,Y,5495,,,
,,,WEEROONA ISLAND,Y,5495,,,
,,,AVON,Y,5501,,,
,,,CALOMBA,Y,5501,,,
,,,DUBLIN,Y,5501,,,
,,,LEWISTON,Y,5501,,,
,,,LONG PLAINS,Y,5501,,,
,,,LOWER LIGHT,Y,5501,,,
,,,MIDDLE BEACH,Y,5501,,,
,,,PARHAM,Y,5501,,,
,,,PORT GAWLER,Y,5501,,,
,,,THOMPSON BEACH,Y,5501,,,
,,,TWO WELLS,Y,5501,,,
,,,WEBB BEACH,Y,5501,,,
,,,WILD HORSE PLAINS,Y,5501,,,
,,,WINDSOR,Y,5501,,,
,,,FISCHER,Y,5502,,,
,,,GRACE PLAINS,Y,5502,,,
,,,KORUNYE,Y,5502,,,
,,,MALLALA,Y,5502,,,
,,,REDBANKS,Y,5502,,,
,,,REEVES PLAINS,Y,5502,,,
,,,LOCHIEL,Y,5510,,,
,,,BARUNGA GAP,Y,5520,,,
,,,BUMBUNGA,Y,5520,,,
,,,BURNSFIELD,Y,5520,,,
,,,GLEESON HILL,Y,5520,,,
,,,SNOWTOWN,Y,5520,,,
,,,WOKURNA,Y,5520,,,
,,,REDHILL,Y,5521,,,
,,,FISHERMAN BAY,Y,5522,,,
,,,LOWER BROUGHTON,Y,5522,,,
,,,PORT BROUGHTON,Y,5522,,,
,,,WARD HILL,Y,5522,,,
,,,BEETALOO VALLEY,Y,5523,,,
,,,CLEMENTS GAP,Y,5523,,,
,,,CRYSTAL BROOK,Y,5523,,,
,,,CRYSTAL BROOK,Y,5523,,,
,,,HUDDLESTON,Y,5523,,,
,,,MERRITON,Y,5523,,,
,,,NARRIDY,Y,5523,,,
,,,NUROM,Y,5523,,,
,,,WANDEARAH,Y,5523,,,
,,,WANDEARAH EAST,Y,5523,,,
,,,WANDEARAH WEST,Y,5523,,,
,,,BUNGAMA,Y,5540,,,
,,,COONAMIA,Y,5540,,,
,,,LOWER BROUGHTON,Y,5540,,,
,,,NAPPERBY,Y,5540,,,
,,,NELSHABY,Y,5540,,,
,,,PIRIE EAST,Y,5540,,,
,,,PORT DAVIS,Y,5540,,,
,,,PORT PIRIE,Y,5540,,,
,,,PORT PIRIE SOUTH,Y,5540,,,
,,,PORT PIRIE WEST,Y,5540,,,
,,,RISDON PARK,Y,5540,,,
,,,RISDON PARK SOUTH,Y,5540,,,
,,,SOLOMONTOWN,Y,5540,,,
,,,TELOWIE,Y,5540,,,
,,,WARNERTOWN,Y,5540,,,
,,,BEAUFORT,Y,5550,,,
,,,BOWMANS,Y,5550,,,
,,,INKERMAN,Y,5550,,,
,,,KALLORA,Y,5550,,,
,,,NANTAWARRA,Y,5550,,,
,,,PORT WAKEFIELD,Y,5550,,,
,,,PROOF RANGE,Y,5550,,,
,,,SOUTH HUMMOCKS,Y,5550,,,
,,,KAINTON,Y,5552,,,
,,,KULPARA,Y,5552,,,
,,,MELTON,Y,5552,,,
,,,PASKEVILLE,Y,5552,,,
,,,PORT ARTHUR,Y,5552,,,
,,,SUNNYVALE,Y,5552,,,
,,,THRINGTON,Y,5552,,,
,,,BOORS PLAIN,Y,5554,,,
,,,CUNLIFFE,Y,5554,,,
,,,JERICHO,Y,5554,,,
,,,JERUSALEM,Y,5554,,,
,,,KADINA,Y,5554,,,
,,,MATTA FLAT,Y,5554,,,
,,,NEW TOWN,Y,5554,,,
,,,THOMAS PLAIN,Y,5554,,,
,,,THOMAS PLAINS,Y,5554,,,
,,,WALLAROO MINES,Y,5554,,,
,,,WILLAMULKA,Y,5554,,,
,,,ALFORD,Y,5555,,,
,,,COLLINSFIELD,Y,5555,,,
,,,DOWLING,Y,5555,,,
,,,DOWLINGVILLE,Y,5555,,,
,,,HOPE GAP,Y,5555,,,
,,,KULPARA,Y,5555,,,
,,,LAKE VIEW,Y,5555,,,
,,,MELTON,Y,5555,,,
,,,MUNDOORA,Y,5555,,,
,,,TICKERA,Y,5555,,,
,,,WINULTA,Y,5555,,,
,,,NORTH BEACH,Y,5556,,,
,,,WALLAROO,Y,5556,,,
,,,WALLAROO PLAIN,Y,5556,,,
,,,WARBURTO,Y,5556,,,
,,,AGERY,Y,5558,,,
,,,CROSS ROADS,Y,5558,,,
,,,EAST MOONTA,Y,5558,,,
,,,HAMLEY,Y,5558,,,
,,,KOOROONA,Y,5558,,,
,,,MOONTA,Y,5558,,,
,,,MOONTA BAY,Y,5558,,,
,,,MOONTA MINES,Y,5558,,,
,,,NALYAPPA,Y,5558,,,
,,,NORTH MOONTA,Y,5558,,,
,,,NORTH YELTA,Y,5558,,,
,,,PARAMATTA,Y,5558,,,
,,,PORT HUGHES,Y,5558,,,
,,,YELTA,Y,5558,,,
,,,BUTE,Y,5560,,,
,,,NINNES,Y,5560,,,
,,,CLINTON,Y,5570,,,
,,,CLINTON CENTRE,Y,5570,,,
,,,PORT CLINTON,Y,5570,,,
,,,PRICE,Y,5570,,,
,,,WINULTA,Y,5570,,,
,,,ARDROSSAN,Y,5571,,,
,,,BLACK POINT,Y,5571,,,
,,,CUNNINGHAM,Y,5571,,,
,,,DOWLINGVILLE,Y,5571,,,
,,,JAMES WELL,Y,5571,,,
,,,PETERSVILLE,Y,5571,,,
,,,PINE POINT,Y,5571,,,
,,,ROGUES POINT,Y,5571,,,
,,,SANDILANDS,Y,5571,,,
,,,TIDDY WIDDY BEACH,Y,5571,,,
,,,ARTHURTON,Y,5572,,,
,,,PORT ARTHUR,Y,5572,,,
,,,BALGOWAN,Y,5573,,,
,,,CHINAMAN WELLS,Y,5573,,,
,,,CHINAMEN WELLS,Y,5573,,,
,,,MAITLAND,Y,5573,,,
,,,POINT PEARCE,Y,5573,,,
,,,PORT VICTORIA,Y,5573,,,
,,,SOUTH KILKERRAN,Y,5573,,,
,,,URANIA,Y,5573,,,
,,,WAURALTEE,Y,5573,,,
,,,WEETULTA,Y,5573,,,
,,,YORKE VALLEY,Y,5573,,,
,,,BLUFF BEACH,Y,5575,,,
,,,BRENTWOOD,Y,5575,,,
,,,CORNY POINT,Y,5575,,,
,,,COUCH BEACH,Y,5575,,,
,,,HARDWICKE BAY,Y,5575,,,
,,,KOOLYWURTIE,Y,5575,,,
,,,MARION BAY,Y,5575,,,
,,,MINLATON,Y,5575,,,
,,,PARSONS BEACH,Y,5575,,,
,,,POINT SOUTTAR,Y,5575,,,
,,,POINT TURTON,Y,5575,,,
,,,PORT JULIA,Y,5575,,,
,,,PORT RICKABY,Y,5575,,,
,,,RAMSAY,Y,5575,,,
,,,STENHOUSE BAY,Y,5575,,,
,,,THE PINES,Y,5575,,,
,,,WHITE HUT,Y,5575,,,
,,,WOOL BAY,Y,5575,,,
,,,HONITON,Y,5576,,,
,,,PORT MOOROWIE,Y,5576,,,
,,,YORKETOWN,Y,5576,,,
,,,COUCH BEACH,Y,5577,,,
,,,FOUL BAY,Y,5577,,,
,,,INNESTON,Y,5577,,,
,,,POINT SOUTTAR,Y,5577,,,
,,,THE PINES,Y,5577,,,
,,,WAROOKA,Y,5577,,,
,,,CURRAMULKA,Y,5580,,,
,,,PORT JULIA,Y,5580,,,
,,,PORT VINCENT,Y,5581,,,
,,,SHEAOAK FLAT,Y,5581,,,
,,,PORT GILES,Y,5582,,,
,,,STANSBURY,Y,5582,,,
,,,COOBOWIE,Y,5583,,,
,,,EDITHBURGH,Y,5583,,,
,,,SULTANA POINT,Y,5583,,,
,,,IRON BARON,Y,5600,,,
,,,WHYALLA,Y,5600,,,
,,,WHYALLA DC,Y,5600,,,
,,,WHYALLA PLAYFORD,Y,5600,,,
,,,BACKY POINT,Y,5601,,,
,,,DOUGLAS POINT,Y,5601,,,
,,,DOUGLAS POINT SOUTH,Y,5601,,,
,,,FALSE BAY,Y,5601,,,
,,,FITZGERALD BAY,Y,5601,,,
,,,IRON KNOB,Y,5601,,,
,,,POINT LOWLY,Y,5601,,,
,,,POINT LOWLY NORTH,Y,5601,,,
,,,PORT BONYTHON,Y,5601,,,
,,,WHYALLA BARSON,Y,5601,,,
,,,COWELL,Y,5602,,,
,,,LUCKY BAY,Y,5602,,,
,,,MANGALO,Y,5602,,,
,,,MIDGEE,Y,5602,,,
,,,MILTALIE,Y,5602,,,
,,,MINBRIE,Y,5602,,,
,,,MITALIE,Y,5602,,,
,,,MITCHELLVILLE,Y,5602,,,
,,,PORT GIBBON,Y,5602,,,
,,,ARNO BAY,Y,5603,,,
,,,HINCKS,Y,5603,,,
,,,VERRAN,Y,5603,,,
,,,WHARMINDA,Y,5603,,,
,,,PORT NEILL,Y,5604,,,
,,,BUTLER,Y,5605,,,
,,,TUMBY BAY,Y,5605,,,
,,,KIRTON POINT,Y,5606,,,
,,,PORT LINCOLN,Y,5606,,,
,,,PORT LINCOLN SOUTH,Y,5606,,,
,,,WEDGE ISLAND,Y,5606,,,
,,,BOSTON,Y,5607,,,
,,,BROOKER,Y,5607,,,
,,,CHARLTON GULLY,Y,5607,,,
,,,COFFIN BAY,Y,5607,,,
,,,COOMUNGA,Y,5607,,,
,,,COULTA,Y,5607,,,
,,,DUCK PONDS,Y,5607,,,
,,,FARM BEACH,Y,5607,,,
,,,FOUNTAIN,Y,5607,,,
,,,GREEN PATCH,Y,5607,,,
,,,HAWSON,Y,5607,,,
,,,HORSE PENINSULA,Y,5607,,,
,,,KARKOO,Y,5607,,,
,,,KELLIDIE BAY,Y,5607,,,
,,,KIANA,Y,5607,,,
,,,KOPPIO,Y,5607,,,
,,,LINCOLN NATIONAL PARK,Y,5607,,,
,,,LIPSON,Y,5607,,,
,,,LITTLE DOUGLAS,Y,5607,,,
,,,LOUTH BAY,Y,5607,,,
,,,MITCHELL,Y,5607,,,
,,,MOODY,Y,5607,,,
,,,MOUNT DRUMMOND,Y,5607,,,
,,,MOUNT DUTTON BAY,Y,5607,,,
,,,MOUNT HOPE,Y,5607,,,
,,,MURDINGA,Y,5607,,,
,,,NORTH SHIELDS,Y,5607,,,
,,,PEACHNA,Y,5607,,,
,,,PEARLAH,Y,5607,,,
,,,POINT BOSTON,Y,5607,,,
,,,POONINDIE,Y,5607,,,
,,,PORT LINCOLN,Y,5607,,,
,,,SHERINGA,Y,5607,,,
,,,SLEAFORD,Y,5607,,,
,,,SULLIVAN,Y,5607,,,
,,,TIATUKIA,Y,5607,,,
,,,TOOLIGIE,Y,5607,,,
,,,TOOTENILLA,Y,5607,,,
,,,TULKA,Y,5607,,,
,,,TULKA NORTH,Y,5607,,,
,,,ULEY,Y,5607,,,
,,,UNGARRA,Y,5607,,,
,,,VENUS BAY,Y,5607,,,
,,,WANGARY,Y,5607,,,
,,,WANILLA,Y,5607,,,
,,,WARRACHIE,Y,5607,,,
,,,WARROW,Y,5607,,,
,,,WARUNDA,Y,5607,,,
,,,WHITES FLAT,Y,5607,,,
,,,WHITES RIVER,Y,5607,,,
,,,YALLUNDA FLAT,Y,5607,,,
,,,MULLAQUANA,Y,5608,,,
,,,WHYALLA NORRIE,Y,5608,,,
,,,WHYALLA NORRIE EAST,Y,5608,,,
,,,WHYALLA NORRIE NORTH,Y,5608,,,
,,,WHYALLA STUART,Y,5608,,,
,,,COWLEDS LANDING,Y,5609,,,
,,,MIDDLEBACK RANGE,Y,5609,,,
,,,MURNINNIE BEACH,Y,5609,,,
,,,WHYALLA JENKINS,Y,5609,,,
,,,COOYERDOO,Y,5611,,,
,,,CORUNNA STATION,Y,5611,,,
,,,GILLES DOWNS,Y,5611,,,
,,,IRON BARON,Y,5611,,,
,,,IRON KNOB,Y,5611,,,
,,,KATUNGA STATION,Y,5611,,,
,,,LAKE GILLES,Y,5611,,,
,,,MYOLA STATION,Y,5611,,,
,,,SECRET ROCKS,Y,5611,,,
,,,EDILILLIE,Y,5630,,,
,,,EDILLILIE,Y,5630,,,
,,,COCKALEECHIE,Y,5631,,,
,,,CUMMINS,Y,5631,,,
,,,KAPINNIE,Y,5632,,,
,,,KARKOO,Y,5632,,,
,,,MITCHELL,Y,5632,,,
,,,YEELANNA,Y,5632,,,
,,,BOONERDO,Y,5633,,,
,,,LOCK,Y,5633,,,
,,,ULYERRA,Y,5633,,,
,,,CAMPOONA,Y,5640,,,
,,,CLEVE,Y,5640,,,
,,,JAMIESON,Y,5640,,,
,,,WADDIKEE,Y,5640,,,
,,,BARNA,Y,5641,,,
,,,BUCKLEBOO,Y,5641,,,
,,,BUNGEROO,Y,5641,,,
,,,CARALUE,Y,5641,,,
,,,CORTLINYE,Y,5641,,,
,,,CUNYARIE,Y,5641,,,
,,,KELLY,Y,5641,,,
,,,KIMBA,Y,5641,,,
,,,MOSELEY,Y,5641,,,
,,,PANITYA,Y,5641,,,
,,,PINKAWILLINIE,Y,5641,,,
,,,SOLOMON,Y,5641,,,
,,,WILCHERRY,Y,5641,,,
,,,YALANDA,Y,5641,,,
,,,YELTANA,Y,5641,,,
,,,DARKE PEAK,Y,5642,,,
,,,HAMBIDGE,Y,5642,,,
,,,KIELPA,Y,5642,,,
,,,MURLONG,Y,5642,,,
,,,RUDALL,Y,5642,,,
,,,COOTRA,Y,5650,,,
,,,KOONGAWA,Y,5650,,,
,,,WARRAMBOO,Y,5650,,,
,,,KYANCUTTA,Y,5651,,,
,,,PANEY,Y,5652,,,
,,,PYGERY,Y,5652,,,
,,,WUDINNA,Y,5652,,,
,,,YANINEE,Y,5653,,,
,,,COCATA,Y,5654,,,
,,,KARCULTABY,Y,5654,,,
,,,MINNIPA,Y,5654,,,
,,,MOUNT DAMPER,Y,5654,,,
,,,BOCKELBERG,Y,5655,,,
,,,GAWLER RANGES,Y,5655,,,
,,,KALDOONERA,Y,5655,,,
,,,LOCKES CLAYPAN,Y,5655,,,
,,,NARLABY,Y,5655,,,
,,,POOCHERA,Y,5655,,,
,,,PYGERY,Y,5655,,,
,,,CHILPENUNDA,Y,5660,,,
,,,CUNGENA,Y,5660,,,
,,,KOOLGERA,Y,5661,,,
,,,PIMBAACLA,Y,5661,,,
,,,WALLALA,Y,5661,,,
,,,WIRRULLA,Y,5661,,,
,,,YANTANABIE,Y,5661,,,
,,,BRAMFIELD,Y,5670,,,
,,,COLTON,Y,5670,,,
,,,COOLILLIE,Y,5670,,,
,,,ELLISTON,Y,5670,,,
,,,KAPPAWANTA,Y,5670,,,
,,,MOUNT JOY,Y,5670,,,
,,,MOUNT WEDGE,Y,5670,,,
,,,PALKAGEE,Y,5670,,,
,,,POLDA,Y,5670,,,
,,,TALIA,Y,5670,,,
,,,ULYERRA,Y,5670,,,
,,,BAIRD BAY,Y,5671,,,
,,,CALCA,Y,5671,,,
,,,COLLEY,Y,5671,,,
,,,MORTANA,Y,5671,,,
,,,MOUNT COOPER,Y,5671,,,
,,,PORT KENNY,Y,5671,,,
,,,TYRINGA,Y,5671,,,
,,,WITERA,Y,5671,,,
,,,CARAWA,Y,5680,,,
,,,CHANDADA,Y,5680,,,
,,,CHINBINGINA,Y,5680,,,
,,,EBA ANCHORAGE,Y,5680,,,
,,,HASLAM,Y,5680,,,
,,,INKSTER,Y,5680,,,
,,,LAURA BAY,Y,5680,,,
,,,MARYVALE,Y,5680,,,
,,,MUDAMUCKLA,Y,5680,,,
,,,NUNJIKOMPITA,Y,5680,,,
,,,PERLUBIE,Y,5680,,,
,,,PETINA,Y,5680,,,
,,,PIEDNIPPIE,Y,5680,,,
,,,PINJARRA STATION,Y,5680,,,
,,,PUNTABIE,Y,5680,,,
,,,PUREBA,Y,5680,,,
,,,SCEALE BAY,Y,5680,,,
,,,SMOKY BAY,Y,5680,,,
,,,STREAKY BAY,Y,5680,,,
,,,WESTALL,Y,5680,,,
,,,YANERBIE,Y,5680,,,
,,,BOOKABIE,Y,5690,,,
,,,CEDUNA,Y,5690,,,
,,,CEDUNA WATERS,Y,5690,,,
,,,CHARRA,Y,5690,,,
,,,CHUNDARIA,Y,5690,,,
,,,COORABIE,Y,5690,,,
,,,DENIAL BAY,Y,5690,,,
,,,FOWLERS BAY,Y,5690,,,
,,,KALANBI,Y,5690,,,
,,,KOONIBBA,Y,5690,,,
,,,MALTEE,Y,5690,,,
,,,MERGHINY,Y,5690,,,
,,,MITCHIDY MOOLA,Y,5690,,,
,,,NADIA,Y,5690,,,
,,,NANBONA,Y,5690,,,
,,,NULLARBOR,Y,5690,,,
,,,NUNDROO,Y,5690,,,
,,,OAK VALLEY,Y,5690,,,
,,,PENONG,Y,5690,,,
,,,THEVENARD,Y,5690,,,
,,,UWORRA,Y,5690,,,
,,,WANDANA,Y,5690,,,
,,,WATRABA,Y,5690,,,
,,,WHITE WELL CORNER,Y,5690,,,
,,,YALATA,Y,5690,,,
,,,YELLABINNA,Y,5690,,,
,,,YUMBARRA,Y,5690,,,
,,,BLANCHE HARBOR,Y,5700,,,
,,,COMMISSARIAT POINT,Y,5700,,,
,,,CULTANA,Y,5700,,,
,,,DAVENPORT,Y,5700,,,
,,,MIRANDA,Y,5700,,,
,,,MUNDALLIO,Y,5700,,,
,,,PORT AUGUSTA,Y,5700,,,
,,,PORT AUGUSTA NORTH,Y,5700,,,
,,,PORT AUGUSTA WEST,Y,5700,,,
,,,PORT PATERSON,Y,5700,,,
,,,WAMI KATA,Y,5700,,,
,,,WILLSDEN,Y,5700,,,
,,,WINNINOWIE,Y,5700,,,
,,,ARKAROOLA VILLAGE,Y,5701,,,
,,,COOK,Y,5701,,,
,,,PORT AUGUSTA,Y,5701,,,
,,,TARCOOLA,Y,5701,,,
,,,WOOLUNDUNGA,Y,5701,,,
,,,COOK,Y,5710,,,
,,,GLENDAMBO,Y,5710,,,
,,,KINGOONYA,Y,5710,,,
,,,NONNING,Y,5710,,,
,,,PORT AUGUSTA,Y,5710,,,
,,,STIRLING NORTH,Y,5710,,,
,,,TARCOOLA,Y,5710,,,
,,,EMEROO,Y,5713,,,
,,,ISLAND LAGOON,Y,5713,,,
,,,KOOTABERRA,Y,5713,,,
,,,LAKE TORRENS,Y,5713,,,
,,,LAKE TORRENS STATION,Y,5713,,,
,,,MOUNT ARDEN,Y,5713,,,
,,,OAKDEN HILLS,Y,5713,,,
,,,PERNATTY,Y,5713,,,
,,,SOUTH GAP,Y,5713,,,
,,,WALLERBERDINA,Y,5713,,,
,,,WILKATANA STATION,Y,5713,,,
,,,WINTABATINYANA,Y,5713,,,
,,,YADLAMALKA,Y,5713,,,
,,,CARRIEWERLOO,Y,5715,,,
,,,ILLEROO,Y,5715,,,
,,,LINCOLN GAP,Y,5715,,,
,,,PANDURRA,Y,5715,,,
,,,WARTAKA,Y,5715,,,
,,,YALYMBOO,Y,5715,,,
,,,YUDNAPINNA,Y,5715,,,
,,,HILTABA,Y,5717,,,
,,,KOKATHA,Y,5717,,,
,,,KOLENDO,Y,5717,,,
,,,KONDOOLKA,Y,5717,,,
,,,LAKE EVERARD,Y,5717,,,
,,,LAKE GAIRDNER,Y,5717,,,
,,,LAKE MACFARLANE,Y,5717,,,
,,,MAHANEWO,Y,5717,,,
,,,MOONAREE,Y,5717,,,
,,,MOUNT IVE,Y,5717,,,
,,,NONNING,Y,5717,,,
,,,SIAM,Y,5717,,,
,,,THURLGA,Y,5717,,,
,,,UNO,Y,5717,,,
,,,YARDEA,Y,5717,,,
,,,BON BON,Y,5719,,,
,,,BULGUNNIA,Y,5719,,,
,,,COMMONWEALTH HILL,Y,5719,,,
,,,COONDAMBO,Y,5719,,,
,,,GLENDAMBO,Y,5719,,,
,,,KINGOONYA,Y,5719,,,
,,,LAKE HARRIS,Y,5719,,,
,,,MULGATHING,Y,5719,,,
,,,WILGENA,Y,5719,,,
,,,WIRRAMINNA,Y,5719,,,
,,,ARCOONA,Y,5720,,,
,,,BILLA KALINA,Y,5720,,,
,,,BOSWORTH,Y,5720,,,
,,,MILLERS CREEK,Y,5720,,,
,,,MOUNT EBA,Y,5720,,,
,,,MOUNT VIVIAN,Y,5720,,,
,,,PARAKYLIA,Y,5720,,,
,,,PIMBA,Y,5720,,,
,,,PURPLE DOWNS,Y,5720,,,
,,,STUARTS CREEK,Y,5720,,,
,,,WOOMERA,Y,5720,,,
,,,ANDAMOOKA,Y,5722,,,
,,,ANDAMOOKA STATION,Y,5722,,,
,,,ALLANDALE STATION,Y,5723,,,
,,,ANNA CREEK,Y,5723,,,
,,,ARCKARINGA,Y,5723,,,
,,,COOBER PEDY,Y,5723,,,
,,,EVELYN DOWNS,Y,5723,,,
,,,INGOMAR,Y,5723,,,
,,,MABEL CREEK,Y,5723,,,
,,,MCDOUALL PEAK,Y,5723,,,
,,,MOUNT BARRY,Y,5723,,,
,,,MOUNT CLARENCE STATION,Y,5723,,,
,,,MOUNT WILLOUGHBY,Y,5723,,,
,,,NILPINNA STATION,Y,5723,,,
,,,WILLIAM CREEK,Y,5723,,,
,,,WINTINNA,Y,5723,,,
,,,MARLA,Y,5724,,,
,,,MINTABIE,Y,5724,,,
,,,WELBOURN HILL,Y,5724,,,
,,,OLYMPIC DAM,Y,5725,,,
,,,ROXBY DOWNS,Y,5725,,,
,,,ROXBY DOWNS STATION,Y,5725,,,
,,,ALPANA,Y,5730,,,
,,,ANGORIGINA,Y,5730,,,
,,,BELTANA,Y,5730,,,
,,,BELTANA STATION,Y,5730,,,
,,,BLINMAN,Y,5730,,,
,,,EDIACARA,Y,5730,,,
,,,GUM CREEK STATION,Y,5730,,,
,,,MOOLOOLOO,Y,5730,,,
,,,MOORILLAH,Y,5730,,,
,,,MOTPENA,Y,5730,,,
,,,MOUNT FALKLAND,Y,5730,,,
,,,NARRINA,Y,5730,,,
,,,NILPENA,Y,5730,,,
,,,ORATUNGA STATION,Y,5730,,,
,,,PARACHILNA,Y,5730,,,
,,,PUTTAPA,Y,5730,,,
,,,WARRAWEENA,Y,5730,,,
,,,WIRREALPA,Y,5730,,,
,,,BOLLARDS LAGOON,Y,5731,,,
,,,COOPERS CREEK,Y,5731,,,
,,,CORDILLO DOWNS,Y,5731,,,
,,,DURHAM DOWNS,Y,5731,,,
,,,FARINA,Y,5731,,,
,,,FARINA STATION,Y,5731,,,
,,,GIDGEALPA,Y,5731,,,
,,,INNAMINCKA,Y,5731,,,
,,,LEIGH CREEK,Y,5731,,,
,,,LEIGH CREEK STATION,Y,5731,,,
,,,LINDON,Y,5731,,,
,,,LYNDHURST,Y,5731,,,
,,,MERTY MERTY,Y,5731,,,
,,,MOOLAWATANA,Y,5731,,,
,,,MOUNT FREELING,Y,5731,,,
,,,MOUNT LYNDHURST,Y,5731,,,
,,,MULGARIA,Y,5731,,,
,,,MURNPEOWIE,Y,5731,,,
,,,MYRTLE SPRINGS,Y,5731,,,
,,,STRZELECKI DESERT,Y,5731,,,
,,,WITCHELINA,Y,5731,,,
,,,ANGEPENA,Y,5732,,,
,,,ARKAROOLA,Y,5732,,,
,,,BURR WELL,Y,5732,,,
,,,COPLEY,Y,5732,,,
,,,GAMMON RANGES,Y,5732,,,
,,,MANNERS WELL,Y,5732,,,
,,,MOOLAWATANA,Y,5732,,,
,,,MOUNT SERLE,Y,5732,,,
,,,MULGA VIEW,Y,5732,,,
,,,NEPABUNNA,Y,5732,,,
,,,NORTH MOOLOOLOO,Y,5732,,,
,,,PINDA SPRINGS,Y,5732,,,
,,,UMBERATANA,Y,5732,,,
,,,WERTALOONA,Y,5732,,,
,,,WOOLTANA,Y,5732,,,
,,,YANKANINNA,Y,5732,,,
,,,ALTON DOWNS STATION,Y,5733,,,
,,,CALLANNA,Y,5733,,,
,,,CLAYTON STATION,Y,5733,,,
,,,CLIFTON HILLS STATION,Y,5733,,,
,,,COWARIE,Y,5733,,,
,,,DULKANINNA,Y,5733,,,
,,,ETADUNNA,Y,5733,,,
,,,FARINA,Y,5733,,,
,,,KALAMURINA,Y,5733,,,
,,,LAKE EYRE,Y,5733,,,
,,,MARREE,Y,5733,,,
,,,MARREE STATION,Y,5733,,,
,,,MULKA,Y,5733,,,
,,,MULOORINA,Y,5733,,,
,,,MUNDOWDNA,Y,5733,,,
,,,MUNGERANIE,Y,5733,,,
,,,PANDIE PANDIE,Y,5733,,,
,,,CROWN POINT,Y,5734,,,
,,,ERINGA,Y,5734,,,
,,,MACUMBA,Y,5734,,,
,,,MOUNT SARAH,Y,5734,,,
,,,OODNADATTA,Y,5734,,,
,,,SIMPSON DESERT,Y,5734,,,
,,,TODMORDEN,Y,5734,,,
,,,WITJIRA,Y,5734,,,
,,,ADELAIDE,Y,5800,,,
,,,ADELAIDE,Y,5801,,,
,,,ADELAIDE,Y,5810,,,
,,,ADELAIDE,Y,5839,,,
,,,REGENCY PARK,Y,5942,,,
,,,ADELAIDE AIRPORT,Y,5950,,,
,,,EXPORT PARK,Y,5950,,,
